"TOA5","8321","CR6","8321","CR6.Std.07.02","CPU:FCR_Catwalk_20210628.CR6","65065","Catwalk"
"TIMESTAMP","RECORD","BattV","PTemp_C","wtr_surface","wtr_1","wtr_2","wtr_3","wtr_4","wtr_5","wtr_6","wtr_7","wtr_8","wtr_9","doobs_5","dosat_5","dotemp_5","doobs_9","dosat_9","dotemp_9","EXO_Date","EXO_Time","EXO_wtr_1","Cond_1","SpCond_1","TDS_1","dosat_1","doobs_1","Chla_RFU_1","Chla_1","BGAPC_RFU_1","BGAPC_1","fDOM_RFU_1","fDOM_QSU_1","EXO_pressure","EXO_depth","EXO_battery","EXO_cablepower","EXO_wiper","Lvl_psi","wtr_pt_9"
"TS","RN","Volts","Deg C","°C","°C","°C","°C","°C","°C","°C","°C","°C","°C","","","","","","","","","","","","","","","","","","","","","","","","","","psi","deg C"
"","","Smp","Smp","Smp","Smp","Smp","Smp","Smp","Smp","Smp","Smp","Smp","Smp","Smp","Smp","Smp","Smp","Smp","Smp","Smp","Smp","Smp","Smp","Smp","Smp","Smp","Smp","Smp","Smp","Smp","Smp","Smp","Smp","Smp","Smp","Smp","Smp","Smp","Smp","Smp"
"2021-06-28 14:00:00",0,13.57,34.37,25.86859,22.23644,17.97808,14.18865,11.17477,9.879572,9.800684,9.793054,9.77569,9.754053,-0.088508,-0.781999,9.88583,-0.106075,-0.935271,9.79795,210628,145909,20.294,34.84,38.28,24.88,6.59,0.6,1.15,4.57,0.54,0.44,6.15,18.22,2.96,2.09,5.81,12.65,1.21,13.06057,9.744444
"2021-06-28 14:10:00",1,13.24,34.12,25.99755,24.51898,25.51437,23.44549,22.04852,22.58453,22.62234,23.24822,22.83117,21.65679,9.69446,105.7375,19.58035,9.24047,107.6907,22.98206,210628,150911,27.506,0.08,0.07,0.05,103.18,8.15,-0.21,-0.92,0.81,0.71,-0.41,-1.46,0.44,0.315,5.81,12.88,1.19,1.100952,23.91496
"2021-06-28 14:20:00",2,13.24,33.63,26.62255,22.67587,19.03503,15.08166,12.49755,10.46121,10.31668,10.18118,10.37438,10.39569,0.129021,1.173569,11.13022,0.02352,0.212335,10.80648,210628,151911,20.605,35.26,38.49,25.02,32.06,2.88,2.25,9.020001,1.11,1.01,5.83,17.25,2.9,2.048,5.81,13.33,1.2,13.05366,9.867164
"2021-06-28 14:30:00",3,13.35,34,27.1079,22.76217,19.0155,14.75155,12.21887,10.13687,9.992212,10.00268,9.989466,9.993402,-0.002555,-0.022841,10.38906,-0.001262,-0.011224,10.15431,210628,152911,20.674,35.36,38.54,25.05,49.33,4.43,1.59,6.36,1.44,1.34,5.77,17.06,2.93,2.07,5.8,12.28,1.2,13.05396,9.787587
"2021-06-28 14:40:00",4,13.4,34.67,27.13723,22.67669,18.58013,14.4714,11.89294,10.00875,9.858911,9.841944,9.839258,9.843347,-0.052551,-0.46701,10.13214,-0.033645,-0.297598,9.93372,210628,153911,20.471,35.17,38.5,25.03,47.62,4.29,2.26,9.08,1.5,1.4,5.64,16.67,2.94,2.075,5.81,12.29,1.2,13.05279,9.765476
"2021-06-28 14:50:00",5,13.44,35.24,27.09146,22.69204,18.48843,14.44183,11.94854,10.06054,9.824946,9.815851,9.799707,9.79165,-0.039526,-0.350421,10.03072,-0.01501,-0.132546,9.86156,210628,154911,20.303,35.18,38.64,25.12,30.61,2.77,1.75,6.99,1.16,1.06,5.71,16.9,2.95,2.08,5.81,12.29,1.21,13.05488,9.757162
"2021-06-28 15:00:00",6,13.25,35.55,27.00207,22.51031,18.66683,14.40402,12.03527,10.05316,9.809626,9.808679,9.787897,9.774317,-0.059557,-0.527962,10.02713,-0.054455,-0.480448,9.82615,210628,155911,20.294,35.03,38.49,25.02,35.95,3.25,2.04,8.189999,1.32,1.23,5.61,16.57,2.95,2.084,5.81,12.26,1.2,13.05546,9.7474
"2021-06-28 15:10:00",7,13.56,35.68,26.84606,22.40679,18.63232,14.14596,12.15057,9.991266,9.803339,9.801996,9.784052,9.772302,-0.070309,-0.622323,9.96175,-0.06973,-0.615112,9.81864,210628,160911,20.317,35.11,38.56,25.06,32.82,2.97,1.28,5.12,0.9,0.79,5.83,17.25,2.96,2.088,5.81,12.32,1.21,13.05588,9.753918
"2021-06-28 15:20:00",8,13.25,35.74,26.82092,22.79278,18.77358,13.98809,12.07177,9.941553,9.801202,9.80221,9.782068,9.766749,-0.076762,-0.679034,9.93671,-0.068853,-0.607127,9.80155,210628,161911,20.531,35.26,38.55,25.05,22.64,2.04,1.68,6.7,1.01,0.91,6.05,17.91,2.95,2.085,5.81,12.59,1.19,13.05577,9.749746
"2021-06-28 15:30:00",9,13.33,35.56,27.02145,22.86083,18.86447,13.85528,11.91659,9.906274,9.805598,9.79989,9.782801,9.775202,-0.077541,-0.685579,9.91525,-0.065367,-0.576388,9.80139,210628,162911,20.539,35.3,38.59,25.08,26.23,2.36,2.52,10.13,1.3,1.2,6.13,18.15,2.94,2.078,5.81,12.3,1.21,13.05677,9.759562
"2021-06-28 15:40:00",10,13.23,35.59,27.24475,22.95565,18.75579,13.74206,11.6253,9.857508,9.794916,9.805048,9.782038,9.771113,-0.078868,-0.696573,9.870479,-0.090465,-0.797696,9.80139,210628,163911,20.422,35.41,38.8,25.22,8.42,0.76,1.13,4.49,0.58,0.47,6.16,18.24,2.94,2.076,5.81,12.24,1.2,13.05625,9.76544
"2021-06-28 15:50:00",11,13.24,35.85,27.43649,22.86065,18.61398,13.96798,11.56222,9.83819,9.790278,9.795435,9.780878,9.779108,-0.081522,-0.719728,9.8534,-0.09611,-0.847913,9.82319,210628,164911,20.369,35.03,38.42,24.98,7.25,0.65,0.97,3.85,0.44,0.33,6.12,18.13,2.94,2.078,5.81,12.56,1.21,13.05621,9.771786
"2021-06-28 16:00:00",12,15.34,35.99,27.46829,22.76705,18.44479,14.38577,11.66555,9.824335,9.792017,9.809442,9.781,9.764856,-0.082279,-0.72626,9.84495,-0.09923,-0.874961,9.80029,210628,165911,20.155,34.64,38.17,24.81,4.46,0.4,1.25,4.98,0.54,0.44,5.99,17.72,2.95,2.084,5.81,12.32,1.2,13.05665,9.750336
"2021-06-28 16:10:00",13,13.34,36.12,27.80599,22.61099,18.41296,14.63467,11.84896,9.833399,9.790399,9.794519,9.780603,9.760981,-0.083433,-0.736382,9.84088,-0.101247,-0.892731,9.79951,210628,170911,20.12,34.53,38.08,24.75,12.07,1.1,1.02,4.05,0.58,0.48,5.87,17.36,2.96,2.09,5.81,12.35,1.19,13.05659,9.744999
"2021-06-28 16:20:00",14,13.23,35.96,28.29733,22.74005,18.35241,14.57608,11.81472,9.828455,9.789575,9.797907,9.78216,9.763544,-0.083978,-0.741155,9.83915,-0.100666,-0.887634,9.80061,210628,171911,20.03,34.65,38.28,24.89,16.51,1.5,1.46,5.85,0.93,0.83,5.74,16.98,2.96,2.091,5.81,12.52,1.2,13.05709,9.748761
"2021-06-28 16:30:00",15,13.28,35.87,29.11651,22.91632,18.39193,14.74645,11.65539,9.82522,9.790888,9.798853,9.782922,9.76391,-0.084892,-0.749046,9.82882,-0.101164,-0.892017,9.80029,210628,172911,20.095,34.57,38.14,24.79,6.63,0.6,1.35,5.37,0.59,0.49,5.92,17.51,2.96,2.09,5.81,12.26,1.2,13.05551,9.747686
"2021-06-28 16:40:00",16,13.24,35.87,29.72994,23.419,18.45193,14.76257,11.66439,9.831934,9.795923,9.798548,9.783625,9.76333,-0.085279,-0.752674,9.84072,-0.102097,-0.900243,9.80029,210628,173911,20.086,34.45,38.01,24.71,4.79,0.43,1.07,4.25,0.49,0.38,5.94,17.57,2.95,2.085,5.81,12.24,1.21,13.05736,9.749996
"2021-06-28 16:50:00",17,13.2,35.84,29.2889,23.72793,18.20541,14.54229,11.47863,9.854395,9.793726,9.796442,9.782526,9.765466,-0.085039,-0.750698,9.84902,-0.103077,-0.908904,9.80139,210628,174911,20.245,34.8,38.28,24.88,5.35,0.48,1.33,5.32,0.56,0.45,6.07,17.96,2.94,2.076,5.81,12.38,1.2,13.05751,9.749298
"2021-06-28 17:00:00",18,13.26,35.87,28.64245,23.78985,18.08547,14.19213,11.55163,9.883662,9.797602,9.800654,9.783594,9.765558,-0.085771,-0.757843,9.887241,-0.102977,-0.90802,9.80108,210628,175911,20.279,34.91,38.37,24.94,4.79,0.43,1.06,4.21,0.41,0.3,6.09,18.03,2.94,2.072,5.8,12.25,1.21,13.0581,9.752092
"2021-06-28 17:10:00",19,13.25,35.88,28.15829,24.03457,17.98596,14.01525,11.66445,9.899927,9.799342,9.801202,9.781183,9.767084,-0.08157,-0.720813,9.8924,-0.103957,-0.916687,9.80218,210628,180911,20.16,34.43,37.94,24.66,4.37,0.4,1.2,4.78,0.43,0.33,6.03,17.86,2.94,2.072,5.81,12.8,1.2,13.05719,9.754815
"2021-06-28 17:20:00",20,13.29,35.84,28.45403,23.90512,17.80447,13.89764,11.82391,9.908319,9.800378,9.802332,9.782557,9.765711,-0.084689,-0.74836,9.89178,-0.095571,-0.842706,9.80077,210628,181911,20.015,34.34,37.95,24.67,3.62,0.33,1.69,6.76,0.67,0.57,5.99,17.72,2.93,2.071,5.81,12.25,1.2,13.0558,9.749942
"2021-06-28 17:30:00",21,13.23,35.77,28.77752,23.92471,17.89321,13.91717,11.91577,9.945124,9.800165,9.80398,9.782984,9.770197,-0.08397,-0.742369,9.91213,-0.101203,-0.892381,9.80123,210628,182911,20.026,34.41,38.02,24.71,2.5,0.23,1.2,4.76,0.57,0.46,6,17.75,2.93,2.068,5.8,12.64,1.2,13.05794,9.752898
"2021-06-28 17:40:00",22,13.3,35.7,29.09692,23.81521,18.13067,13.98214,11.84091,9.893518,9.801478,9.803644,9.784143,9.764307,-0.084446,-0.74621,9.891481,-0.100847,-0.889209,9.79967,210628,183911,19.843,34.45,38.21,24.84,1.8,0.16,1.85,7.42,0.7,0.6,5.85,17.3,2.93,2.07,5.81,12.26,1.21,13.05886,9.745411
"2021-06-28 17:50:00",23,13.41,35.62,29.32385,23.54571,18.04293,14.01461,11.68746,9.84643,9.801905,9.803614,9.785486,9.762812,-0.085412,-0.754164,9.85874,-0.103446,-0.912176,9.80202,210628,184911,19.934,34.5,38.2,24.83,1.86,0.17,1.69,6.75,0.78,0.68,5.92,17.52,2.95,2.081,5.81,12.27,1.2,13.05858,9.745286
"2021-06-28 18:00:00",24,13.24,35.5,29.18441,22.84103,17.9877,14.08163,11.62234,9.82989,9.798395,9.802942,9.785944,9.761408,-0.086783,-0.765896,9.83822,-0.103408,-0.911771,9.79903,210628,185911,20.123,34.59,38.15,24.8,3.89,0.35,1.49,5.94,0.65,0.54,6.02,17.83,2.96,2.087,5.81,12.24,1.2,13.05868,9.745072
"2021-06-28 18:10:00",25,13.24,35.36,29.3482,22.4501,18.10342,14.2676,11.58999,9.803644,9.797266,9.801325,9.783991,9.764307,-0.083648,-0.737908,9.81989,-0.104388,-0.920429,9.79967,210628,190911,20.002,34.43,38.06,24.74,2.99,0.27,2.2,8.810001,0.81,0.71,5.88,17.41,2.96,2.091,5.81,12.68,1.2,13.05838,9.74586
"2021-06-28 18:20:00",26,13.28,35.15,29.45388,22.3793,18.15374,14.55364,11.60855,9.796167,9.799342,9.80337,9.782526,9.761652,-0.085753,-0.756393,9.81503,-0.103579,-0.913309,9.79998,210628,191911,19.791,34.36,38.15,24.8,3.22,0.29,2.72,10.92,0.9,0.8,5.8,17.17,2.97,2.097,5.8,12.24,1.2,13.05792,9.74561
"2021-06-28 18:30:00",27,13.28,34.95,29.32891,22.25115,18.17184,14.58132,11.52731,9.798609,9.801111,9.804957,9.783381,9.761835,-0.084366,-0.744268,9.82114,-0.102267,-0.901741,9.80045,210628,192911,19.711,34.4,38.26,24.87,2.12,0.19,2.31,9.28,0.88,0.78,5.82,17.22,2.99,2.107,5.81,12.24,1.2,13.05904,9.745286
"2021-06-28 18:40:00",28,13.56,34.73,29.15325,22.36563,18.19705,14.69979,11.49029,9.803339,9.806452,9.805109,9.784602,9.761438,-0.083831,-0.739515,9.81909,-0.104205,-0.918794,9.79857,210628,193911,19.88,34.39,38.12,24.78,3,0.27,1.86,7.43,0.68,0.58,5.82,17.23,2.99,2.109,5.81,12.62,1.2,13.0591,9.745966
"2021-06-28 18:50:00",29,13.24,34.32,28.84411,22.39602,18.38552,14.77334,11.4179,9.797052,9.796838,9.804865,9.784143,9.763026,-0.085013,-0.749927,9.81847,-0.101006,-0.890604,9.79951,210628,194911,19.982,34.47,38.13,24.78,3.48,0.32,1.35,5.38,0.55,0.45,5.91,17.48,2.99,2.109,5.81,12.26,1.21,13.05926,9.747614
"2021-06-28 19:00:00",30,13.19,33.63,28.93096,22.4837,18.15994,14.83905,11.66708,9.779779,9.800531,9.805658,9.786646,9.764429,-0.086393,-0.761813,9.80233,-0.1014,-0.894106,9.80077,210628,195911,19.894,34.18,37.87,24.61,2.92,0.27,2.34,9.41,1.01,0.91,5.87,17.37,2.99,2.11,5.8,12.21,1.2,13.0587,9.748474
"2021-06-28 19:10:00",31,13.17,32.82,28.8912,22.34414,18.03301,14.80706,11.92404,9.778254,9.800714,9.803522,9.786462,9.766657,-0.087009,-0.767162,9.79826,-0.104091,-0.917828,9.80061,210628,200911,19.968,34.35,38,24.7,4.88,0.44,1.36,5.41,0.6,0.49,5.89,17.44,2.99,2.111,5.81,12.19,1.21,13.05848,9.749638
"2021-06-28 19:20:00",32,13.13,32.05,28.63531,22.41253,18.08935,14.92446,12.08608,9.785181,9.799189,9.807459,9.787348,9.76507,-0.085814,-0.756685,9.80139,-0.103577,-0.91331,9.80123,210628,201911,19.938,34.27,37.94,24.66,4.48,0.41,1.23,4.88,0.64,0.53,5.94,17.58,2.99,2.109,5.81,12.17,1.2,13.05917,9.748724
"2021-06-28 19:30:00",33,13.13,31.37,28.62362,22.47277,18.11016,14.89538,12.08261,9.79339,9.796961,9.804621,9.786646,9.764551,-0.086117,-0.759669,9.81879,-0.103305,-0.910921,9.80155,210628,202911,20.058,34.41,38,24.7,5.91,0.54,1.01,4.01,0.5,0.4,5.97,17.68,2.99,2.108,5.81,12.13,1.21,13.06022,9.749244
"2021-06-28 19:40:00",34,13.12,30.77,28.53216,22.63812,18.33788,14.97793,11.98141,9.783991,9.802485,9.807825,9.788355,9.767938,-0.086839,-0.765811,9.80625,-0.104759,-0.92372,9.80045,210628,203911,20.179,34.74,38.27,24.87,5.52,0.5,1.47,5.86,0.57,0.46,6.02,17.81,2.98,2.104,5.81,12.12,1.21,13.05962,9.758255
"2021-06-28 19:50:00",35,13.08,30.25,28.40975,22.62017,18.3822,15.01647,11.95288,9.77691,9.800501,9.803888,9.785486,9.761866,-0.086962,-0.766774,9.79935,-0.101118,-0.891643,9.8017,210628,204911,20.114,34.45,37.99,24.7,3.11,0.28,1.1,4.39,0.51,0.4,6.02,17.81,2.98,2.101,5.81,12.12,1.2,13.05999,9.747776
"2021-06-28 20:00:00",36,13.07,29.79,28.54928,22.50268,18.39395,14.97396,11.66699,9.768214,9.796442,9.80755,9.786066,9.767817,-0.087044,-0.76742,9.79527,-0.106042,-0.935027,9.80029,210628,205911,20.078,34.47,38.05,24.73,5.18,0.47,1.03,4.11,0.51,0.4,5.98,17.69,2.97,2.099,5.81,12.12,1.2,13.06018,9.752306
"2021-06-28 20:10:00",37,13.08,29.37,28.47921,22.46536,18.51589,14.94836,11.35351,9.766657,9.794977,9.801996,9.784296,9.774439,-0.087649,-0.77273,9.79417,-0.103578,-0.913287,9.79951,210628,210911,20.078,34.57,38.16,24.8,7.44,0.68,0.96,3.79,0.56,0.46,5.93,17.54,2.97,2.1,5.8,12.12,1.21,13.0593,9.764634
"2021-06-28 20:20:00",38,13.08,28.98,28.46002,22.45046,18.57455,14.84643,11.2467,9.766046,9.794916,9.800623,9.784022,9.765009,-0.087235,-0.769082,9.79402,-0.105303,-0.928508,9.79998,210628,211911,20.072,34.55,38.15,24.79,6.86,0.62,0.84,3.33,0.57,0.47,5.9,17.45,2.98,2.102,5.8,12.12,1.2,13.0608,9.748098
"2021-06-28 20:30:00",39,13.08,28.61,28.49517,22.34109,18.44573,14.95993,11.01174,9.768671,9.795526,9.803186,9.78509,9.764795,-0.087554,-0.771905,9.79449,-0.104352,-0.920115,9.79983,210628,212911,19.988,34.35,37.99,24.69,5.26,0.48,1.31,5.21,0.56,0.46,5.88,17.41,2.98,2.104,5.8,12.12,1.21,13.06099,9.748761
"2021-06-28 20:40:00",40,13.08,28.25,28.58721,22.30859,18.48983,14.73529,11.01101,9.771387,9.79629,9.807428,9.785425,9.765222,-0.082469,-0.727072,9.79433,-0.104595,-0.922305,9.80202,210628,213911,19.874,34.28,38,24.7,3.4,0.31,1.68,6.72,0.65,0.54,5.85,17.32,2.99,2.109,5.81,12.12,1.2,13.06038,9.749621
"2021-06-28 20:50:00",41,13.06,27.93,28.4252,22.36733,18.46835,14.62445,11.29525,9.777307,9.799555,9.806879,9.787714,9.764948,-0.084054,-0.741119,9.79857,-0.105481,-0.930083,9.80045,210628,214911,19.81,34.25,38.02,24.71,3.75,0.34,1.63,6.5,0.65,0.55,5.78,17.1,2.99,2.114,5.81,12.12,1.21,13.06056,9.748868
"2021-06-28 21:00:00",42,13.05,27.63,28.4186,22.48059,18.48065,14.5209,11.32586,9.795649,9.80694,9.805322,9.786982,9.764307,-0.086052,-0.759126,9.82035,-0.106474,-0.938829,9.79983,210628,215911,19.636,34.4,38.33,24.91,1.47,0.13,2.51,10.1,1.03,0.93,5.74,16.99,3,2.118,5.8,12.12,1.2,13.06122,9.748545
"2021-06-28 21:10:00",43,13.05,27.37,28.38241,22.36868,18.4363,14.4147,11.38296,9.798914,9.802698,9.805658,9.785853,9.768274,-0.087522,-0.772102,9.82066,-0.106608,-0.940036,9.80108,210628,220911,19.661,34.41,38.31,24.9,1.51,0.14,1.57,6.29,0.78,0.68,5.75,16.99,3.01,2.124,5.81,12.12,1.21,13.06019,9.75288
"2021-06-28 21:20:00",44,13.05,27.14,28.32662,22.12707,18.46267,14.531,11.40676,9.790674,9.80041,9.805353,9.786066,9.767084,-0.087743,-0.773892,9.81203,-0.104547,-0.921861,9.80108,210628,221911,19.803,34.19,37.96,24.67,1.31,0.12,1.72,6.9,0.79,0.69,5.81,17.18,3.01,2.124,5.81,12.12,1.2,13.06097,9.752039
"2021-06-28 21:30:00",45,13.05,26.94,28.25634,21.89422,18.59448,14.53152,11.24557,9.783655,9.799433,9.801966,9.784815,9.762934,-0.087313,-0.770143,9.81439,-0.10382,-0.915439,9.80029,210628,222911,19.962,34.43,38.09,24.76,4.79,0.44,1.13,4.51,0.57,0.46,5.9,17.46,3.02,2.128,5.81,12.12,1.21,13.06139,9.746827
"2021-06-28 21:40:00",46,13.04,26.78,28.20098,21.95776,18.63262,14.47717,11.38259,9.781336,9.795038,9.799219,9.780909,9.758386,-0.087082,-0.767863,9.80138,-0.104935,-0.925234,9.79888,210628,223911,19.988,34.41,38.05,24.73,5.48,0.5,0.86,3.39,0.52,0.42,5.9,17.45,3.02,2.13,5.81,12.12,1.2,13.06276,9.742547
"2021-06-28 21:50:00",47,13.03,26.64,28.12094,22.23852,18.69567,14.36642,11.51834,9.78921,9.79635,9.801081,9.78219,9.754114,-0.086889,-0.766373,9.812841,-0.105622,-0.93126,9.79732,210628,224911,20.131,34.67,38.23,24.85,4.76,0.43,1.21,4.82,0.63,0.53,5.92,17.51,3.02,2.129,5.81,12.12,1.2,13.06232,9.740936
"2021-06-28 22:00:00",48,13.04,26.51,28.06069,22.30569,18.7105,14.41012,11.49542,9.788477,9.797662,9.801202,9.78097,9.757379,-0.088815,-0.783365,9.81298,-0.105428,-0.929565,9.79826,210628,225911,20.155,34.88,38.44,24.99,3.5,0.32,1.55,6.21,0.7,0.6,5.86,17.35,3.01,2.127,5.81,12.12,1.2,13.0609,9.742062
"2021-06-28 22:10:00",49,13.02,26.44,27.99612,22.20886,18.56173,14.4075,11.47705,9.781061,9.799342,9.805842,9.782862,9.75921,-0.087088,-0.767916,9.80093,-0.105795,-0.932825,9.79935,210628,230911,20.174,34.71,38.23,24.85,4.84,0.44,1.39,5.53,0.7,0.6,6,17.77,3.01,2.125,5.81,12.12,1.21,13.06165,9.744694
"2021-06-28 22:20:00",50,13,26.47,27.95281,22.26226,18.57662,14.51663,11.53832,9.800074,9.800196,9.805353,9.785181,9.765955,-0.0871,-0.768215,9.81174,-0.107572,-0.948554,9.80186,210628,231911,20.27,34.76,38.21,24.84,5.2,0.47,1.13,4.51,0.56,0.46,6.12,18.12,3.01,2.123,5.8,12.11,1.2,13.06136,9.751698
"2021-06-28 22:30:00",51,13.01,26.49,27.89733,22.2843,18.51504,14.61025,11.58093,9.807886,9.805902,9.806299,9.785456,9.764094,-0.087236,-0.769745,9.83022,-0.104353,-0.920126,9.79998,210628,232911,20.299,35.03,38.49,25.02,4.87,0.44,1.14,4.54,0.53,0.43,6.12,18.11,3,2.119,5.81,12.02,1.2,13.06332,9.748635
"2021-06-28 22:40:00",52,13.01,26.42,27.83386,22.34252,18.50418,14.61636,11.62774,9.817804,9.805262,9.80694,9.785211,9.765619,-0.088107,-0.777542,9.83586,-0.105169,-0.927327,9.80013,210628,233911,20.244,34.87,38.35,24.93,2.81,0.25,0.84,3.32,0.4,0.3,6.1,18.07,3,2.119,5.81,12.04,1.2,13.06323,9.749386
"2021-06-28 22:50:00",53,13,26.32,27.76107,22.33483,18.59432,14.61544,11.64694,9.810327,9.802668,9.807764,9.785791,9.769129,-0.087366,-0.770855,9.82819,-0.10684,-0.942067,9.80045,210628,234911,20.261,34.73,38.19,24.82,3.39,0.31,0.92,3.66,0.45,0.35,6.14,18.17,3,2.119,5.81,12.02,1.2,13.06399,9.753094
"2021-06-28 23:00:00",54,13,26.22,27.71139,22.27078,18.63333,14.63037,11.51623,9.790582,9.801081,9.805719,9.786341,9.767969,-0.088033,-0.776594,9.82019,-0.107604,-0.949148,9.81565,210628,235911,20.388,35.07,38.46,25,6.15,0.56,0.59,2.29,0.36,0.26,6.19,18.34,3,2.118,5.81,12.02,1.21,13.06216,9.756946
"2021-06-28 23:10:00",55,13.01,26.14,27.65167,22.31368,18.74395,14.64511,11.53924,9.782801,9.803278,9.806604,9.786524,9.768182,-0.087905,-0.77525,9.80843,-0.106945,-0.943025,9.80186,210629,911,20.472,35.11,38.44,24.98,8.35,0.75,0.54,2.11,0.39,0.29,6.19,18.34,3,2.115,5.81,12.01,1.2,13.06136,9.752145
"2021-06-28 23:20:00",56,13,26.06,27.61163,22.39437,18.79135,14.51968,11.48049,9.799799,9.802118,9.807764,9.787683,9.768671,-0.087762,-0.774223,9.82114,-0.107129,-0.944783,9.807979,210629,1911,20.452,35.1,38.43,24.98,8.01,0.72,0.58,2.26,0.39,0.29,6.18,18.31,3,2.115,5.81,12.01,1.21,13.06315,9.753274
"2021-06-28 23:30:00",57,13,25.98,27.56121,22.38226,18.8598,14.49346,11.34606,9.796991,9.801142,9.807123,9.788507,9.767328,-0.08746,-0.771541,9.82019,-0.107108,-0.944436,9.80077,210629,2911,20.431,35.14,38.5,25.02,7.07,0.64,0.64,2.52,0.49,0.39,6.18,18.3,3,2.115,5.81,12,1.2,13.06319,9.752414
"2021-06-28 23:40:00",58,13,25.9,27.46673,22.34081,18.73968,14.57922,11.27172,9.793757,9.801294,9.805628,9.789942,9.769129,-0.088705,-0.78251,9.81941,-0.107968,-0.952012,9.80029,210629,3911,20.315,34.92,38.35,24.93,5.06,0.46,0.92,3.63,0.5,0.39,6.11,18.1,3,2.117,5.81,12,1.21,13.06397,9.75211
"2021-06-28 23:50:00",59,12.99,25.8,27.44671,22.31802,18.62728,14.53872,11.26361,9.841517,9.802454,9.805872,9.786677,9.766352,-0.087617,-0.773183,9.83398,-0.107567,-0.948475,9.80045,210629,4911,20.321,34.97,38.4,24.96,5.13,0.46,0.73,2.87,0.44,0.34,6.15,18.2,3,2.119,5.81,12,1.2,13.06303,9.751464
"2021-06-29 00:00:00",60,12.97,25.79,27.40042,22.19564,18.68267,14.50228,11.31396,9.840479,9.802485,9.807825,9.784784,9.764398,-0.087825,-0.775218,9.8448,-0.106963,-0.943162,9.80093,210629,5911,20.395,34.95,38.32,24.91,7.49,0.68,0.8,3.16,0.44,0.34,6.14,18.18,3,2.118,5.81,12,1.21,13.06458,9.749316
"2021-06-29 00:10:00",61,12.97,25.82,27.34735,22.15771,18.55874,14.37493,11.43472,9.824854,9.808283,9.805811,9.786005,9.76446,-0.088006,-0.77682,9.845101,-0.106142,-0.935903,9.79998,210629,10911,20.452,34.98,38.31,24.9,7.99,0.72,0.59,2.32,0.46,0.36,6.15,18.2,3,2.118,5.81,11.99,1.2,13.06417,9.749441
"2021-06-29 00:20:00",62,13.01,25.68,27.32815,22.25826,18.51171,14.40707,11.50204,9.834955,9.809412,9.811578,9.789026,9.768915,-0.088733,-0.783427,9.85561,-0.107633,-0.949544,9.82192,210629,11911,20.42,34.96,38.32,24.91,7.09,0.64,0.62,2.42,0.43,0.32,6.15,18.21,3,2.118,5.81,12,1.21,13.06461,9.756552
"2021-06-29 00:30:00",63,12.96,25.56,27.28958,22.35867,18.58239,14.2817,11.6015,9.862421,9.814539,9.812586,9.790308,9.767878,-0.088017,-0.777314,9.86673,-0.107044,-0.943888,9.80155,210629,12911,20.476,34.99,38.3,24.89,8.28,0.75,0.83,3.27,0.42,0.32,6.2,18.37,3,2.114,5.8,11.98,1.2,13.06448,9.751913
"2021-06-29 00:40:00",64,12.97,25.62,27.2539,22.32327,18.61437,14.25787,11.67236,9.874384,9.817957,9.809534,9.788142,9.757197,-0.087427,-0.772538,9.89068,-0.106003,-0.934669,9.79951,210629,13911,20.514,35.08,38.37,24.94,9,0.81,0.45,1.75,0.33,0.23,6.19,18.33,2.99,2.112,5.81,11.98,1.2,13.06425,9.74319
"2021-06-29 00:50:00",65,12.96,25.79,27.20822,22.26293,18.6936,14.20599,11.7525,9.892114,9.814509,9.808527,9.783808,9.759394,-0.087738,-0.775317,9.89256,-0.105931,-0.934006,9.79841,210629,14911,20.558,35.09,38.35,24.93,11.45,1.03,0.44,1.68,0.37,0.26,6.28,18.58,2.99,2.111,5.81,11.97,1.2,13.06369,9.743944
"2021-06-29 01:00:00",66,12.95,25.93,27.17526,22.31857,18.78936,14.17602,11.77423,9.910181,9.81695,9.8081,9.783411,9.762354,-0.088389,-0.781481,9.914641,-0.107342,-0.946519,9.80155,210629,15911,20.531,35.14,38.42,24.97,10.52,0.95,0.63,2.47,0.46,0.36,6.27,18.56,2.99,2.11,5.81,11.97,1.21,13.06492,9.747489
"2021-06-29 01:10:00",67,12.96,26.06,27.15075,22.36108,18.79525,14.19934,11.82171,9.925714,9.810754,9.806604,9.78457,9.762446,-0.088414,-0.781688,9.91386,-0.107066,-0.94404,9.79967,210629,20911,20.58,35.23,38.48,25.01,11.6,1.04,0.6,2.36,0.39,0.29,6.3,18.66,2.99,2.108,5.81,11.96,1.2,13.06454,9.747955
"2021-06-29 01:20:00",68,12.93,26.18,27.12695,22.36929,18.6907,14.26766,11.74508,10.00405,9.822168,9.806666,9.78808,9.769312,-0.088063,-0.778787,9.92466,-0.107399,-0.947069,9.80373,210629,21911,20.592,35.27,38.51,25.03,12.61,1.13,0.57,2.24,0.37,0.26,6.31,18.69,2.98,2.105,5.81,11.96,1.2,13.06433,9.758774
"2021-06-29 01:30:00",69,12.92,26.29,27.10739,22.34838,18.64758,14.27322,11.6896,10.00613,9.833613,9.810145,9.790399,9.765375,-0.087547,-0.774914,9.96252,-0.107278,-0.945943,9.80107,210629,22911,20.604,35.32,38.55,25.06,13.85,1.24,0.61,2.39,0.43,0.33,6.3,18.67,2.98,2.106,5.81,11.96,1.2,13.06484,9.751733
"2021-06-29 01:40:00",70,12.92,26.34,27.09136,22.39883,18.50701,14.31433,11.72039,9.978693,9.819452,9.810206,9.789454,9.76739,-0.087837,-0.777768,9.97848,-0.106582,-0.939823,9.8017,210629,23911,20.529,35.22,38.51,25.03,9.74,0.88,0.43,1.67,0.36,0.26,6.26,18.55,2.98,2.105,5.81,11.95,1.21,13.06431,9.75331
"2021-06-29 01:50:00",71,12.93,26.32,27.07482,22.44897,18.47543,14.41653,11.75115,9.963221,9.813562,9.812098,9.79165,9.771326,-0.087669,-0.775957,9.9608,-0.106842,-0.942172,9.80452,210629,24911,20.356,35.29,38.73,25.17,4.07,0.37,1.31,5.2,0.66,0.56,6.14,18.18,2.98,2.104,5.81,11.95,1.19,13.06495,9.75537
"2021-06-29 02:00:00",72,12.93,26.25,27.03332,22.48403,18.39257,14.36874,11.73782,9.957178,9.819818,9.813258,9.791895,9.772425,-0.087909,-0.777999,9.95627,-0.107557,-0.948426,9.80202,210629,25911,20.313,35.27,38.74,25.18,2.6,0.23,1.41,5.62,0.63,0.53,6.13,18.16,2.98,2.102,5.81,11.95,1.2,13.06639,9.753793
"2021-06-29 02:10:00",73,12.93,26.16,27.0104,22.51019,18.38445,14.31643,11.72573,9.923151,9.834467,9.812769,9.7922,9.771845,-0.087629,-0.774764,9.91479,-0.107217,-0.945487,9.80484,210629,30911,20.472,35.3,38.64,25.12,8.01,0.72,0.66,2.59,0.44,0.33,6.2,18.37,2.98,2.101,5.81,11.94,1.2,13.06641,9.754886
"2021-06-29 02:20:00",74,12.93,26.07,26.98632,22.49789,18.39184,14.29574,11.7785,9.916498,9.82815,9.814203,9.793421,9.773402,-0.088114,-0.779236,9.92451,-0.10727,-0.946041,9.80859,210629,31911,20.522,35.23,38.53,25.04,8.36,0.75,0.53,2.08,0.36,0.25,6.28,18.59,2.97,2.1,5.81,11.94,1.2,13.0664,9.756355
"2021-06-29 02:30:00",75,12.93,25.99,26.95101,22.46774,18.34487,14.27264,11.69451,9.897058,9.824762,9.814509,9.793146,9.773462,-0.088285,-0.780344,9.902739,-0.107846,-0.951072,9.8064,210629,32911,20.537,35.21,38.49,25.02,9.05,0.81,0.53,2.05,0.36,0.26,6.25,18.51,2.98,2.101,5.81,11.94,1.21,13.06597,9.757626
"2021-06-29 02:40:00",76,12.93,25.9,26.91165,22.48229,18.34866,14.28103,11.68017,9.873072,9.826807,9.814081,9.794916,9.774103,-0.088416,-0.781079,9.87972,-0.107558,-0.948573,9.807979,210629,33911,20.538,35.19,38.47,25,9.64,0.87,0.43,1.64,0.3,0.19,6.27,18.57,2.98,2.102,5.81,11.93,1.2,13.06576,9.757574
"2021-06-29 02:50:00",77,12.93,25.84,26.88091,22.52777,18.34811,14.25485,11.61294,9.861109,9.818354,9.817255,9.794581,9.774012,-0.088466,-0.781349,9.870479,-0.108131,-0.953708,9.81173,210629,34911,20.456,35.11,38.45,24.99,7.71,0.69,0.65,2.54,0.35,0.25,6.2,18.37,2.98,2.101,5.81,11.93,1.2,13.06567,9.758648
"2021-06-29 03:00:00",78,12.91,25.79,26.84051,22.68664,18.33404,14.27694,11.61248,9.853968,9.818873,9.820276,9.797632,9.77749,-0.088261,-0.779412,9.86375,-0.107931,-0.951925,9.81095,210629,35911,20.434,35.04,38.39,24.95,7.64,0.69,0.62,2.42,0.39,0.29,6.19,18.32,2.97,2.099,5.81,11.93,1.2,13.06615,9.758469
"2021-06-29 03:10:00",79,12.93,25.73,26.82275,22.75622,18.35284,14.30258,11.73049,9.861322,9.816522,9.817804,9.79751,9.77865,-0.088412,-0.780822,9.86797,-0.107198,-0.945667,9.82004,210629,40911,20.499,35.3,38.62,25.1,6.57,0.59,0.79,3.11,0.44,0.33,6.28,18.6,2.97,2.098,5.81,11.93,1.21,13.06689,9.76105
"2021-06-29 03:20:00",80,12.91,25.72,26.78439,22.80056,18.26727,14.37533,11.68615,9.881861,9.817255,9.819147,9.795435,9.776636,-0.088121,-0.778251,9.86781,-0.107362,-0.946992,9.81487,210629,41911,20.482,35.34,38.67,25.14,5.76,0.52,0.69,2.7,0.44,0.34,6.21,18.39,2.97,2.098,5.81,11.92,1.21,13.06752,9.760995
"2021-06-29 03:30:00",81,12.93,25.74,26.7669,22.92422,18.29177,14.38348,11.77526,9.861994,9.818049,9.817042,9.798639,9.775995,-0.088359,-0.780358,9.86814,-0.107597,-0.949018,9.81268,210629,42911,20.431,35.26,38.63,25.11,4.72,0.43,0.7,2.74,0.37,0.27,6.27,18.58,2.97,2.098,5.81,11.92,1.2,13.06714,9.759974
"2021-06-29 03:40:00",82,12.93,25.75,26.73828,22.98211,18.34741,14.41064,11.74288,9.850702,9.817499,9.814173,9.79397,9.773402,-0.088537,-0.78191,9.86704,-0.107587,-0.948861,9.80969,210629,43911,20.488,35.31,38.64,25.11,6.43,0.58,0.66,2.59,0.35,0.24,6.31,18.68,2.97,2.097,5.81,11.92,1.2,13.06635,9.757645
"2021-06-29 03:50:00",83,12.89,25.74,26.70419,23.00445,18.35568,14.35485,11.65005,9.902857,9.815515,9.816095,9.796838,9.774226,-0.088688,-0.783326,9.87158,-0.10657,-0.940081,9.81801,210629,44911,20.466,35.26,38.61,25.09,6.12,0.55,0.87,3.44,0.49,0.38,6.31,18.7,2.97,2.095,5.81,11.92,1.2,13.06682,9.758756
"2021-06-29 04:00:00",84,12.92,25.71,26.67687,22.96496,18.41946,14.43438,11.72302,9.897028,9.816126,9.818903,9.798578,9.778498,-0.088479,-0.781705,9.88349,-0.1072,-0.945695,9.82067,210629,45911,20.396,35.04,38.41,24.97,4.39,0.4,0.72,2.83,0.46,0.36,6.24,18.49,2.97,2.096,5.8,11.91,1.21,13.06735,9.761928
"2021-06-29 04:10:00",85,12.89,25.62,26.66516,22.95425,18.42678,14.47106,11.78631,9.94903,9.813105,9.815942,9.79629,9.778162,-0.088761,-0.784348,9.89194,-0.107882,-0.951615,9.81659,210629,50911,20.36,34.96,38.36,24.94,3.95,0.36,0.7,2.74,0.44,0.34,6.25,18.5,2.97,2.098,5.81,11.91,1.2,13.06793,9.760261
"2021-06-29 04:20:00",86,12.88,25.5,26.60513,22.91207,18.41995,14.48303,11.74902,9.974359,9.814753,9.817194,9.797998,9.778955,-0.087654,-0.775421,9.93843,-0.107782,-0.950862,9.82208,210629,51911,20.394,35.02,38.4,24.96,5.16,0.47,0.65,2.55,0.4,0.29,6.23,18.44,2.98,2.101,5.81,11.91,1.21,13.06773,9.76286
"2021-06-29 04:30:00",87,12.89,25.39,26.59075,22.81127,18.36196,14.53155,11.63024,9.947657,9.815485,9.819361,9.798273,9.779596,-0.087687,-0.775287,9.91543,-0.106983,-0.943773,9.82035,210629,52911,20.295,34.86,38.3,24.89,3.78,0.34,0.89,3.51,0.41,0.3,6.15,18.2,2.98,2.103,5.81,11.91,1.2,13.0675,9.764024
"2021-06-29 04:40:00",88,12.88,25.3,26.55252,22.81088,18.42291,14.54797,11.6033,9.967035,9.814905,9.819117,9.800378,9.779627,-0.088285,-0.779811,9.873921,-0.107521,-0.948559,9.82192,210629,53911,20.366,35.01,38.41,24.97,4.85,0.44,0.72,2.84,0.39,0.29,6.18,18.31,2.98,2.105,5.81,11.91,1.2,13.06816,9.763218
"2021-06-29 04:50:00",89,12.89,25.22,26.49233,22.83953,18.47848,14.52966,11.52612,9.966486,9.81515,9.819055,9.801905,9.778834,-0.08809,-0.778423,9.89209,-0.107025,-0.944155,9.82082,210629,54911,20.309,34.89,38.33,24.91,4.06,0.37,0.7,2.74,0.49,0.38,6.13,18.13,2.98,2.106,5.81,11.91,1.2,13.06816,9.76182
"2021-06-29 05:00:00",90,12.89,25.14,26.47534,22.89791,18.44341,14.47604,11.49368,9.885645,9.819452,9.82223,9.801874,9.778345,-0.08821,-0.778686,9.84902,-0.107688,-0.949964,9.81926,210629,55911,20.307,34.99,38.44,24.98,3.23,0.29,0.86,3.39,0.42,0.31,6.13,18.15,2.99,2.107,5.81,11.9,1.2,13.06802,9.76105
"2021-06-29 05:10:00",91,12.89,25.07,26.43347,22.8692,18.33871,14.45495,11.4674,9.905115,9.818414,9.823938,9.804194,9.782221,-0.08824,-0.779706,9.8899,-0.107971,-0.952541,9.82255,210629,60911,20.19,34.73,38.24,24.86,2.42,0.22,1.03,4.08,0.49,0.38,6.09,18.01,2.99,2.107,5.81,11.9,1.2,13.06729,9.76277
"2021-06-29 05:20:00",92,12.9,25.01,26.42013,22.84249,18.31875,14.43585,11.50332,9.87414,9.817774,9.824854,9.808618,9.782312,-0.088253,-0.779406,9.86735,-0.107336,-0.946924,9.82223,210629,61911,20.286,34.88,38.33,24.92,2.75,0.25,1.31,5.22,0.46,0.36,6.17,18.27,2.99,2.108,5.8,11.91,1.2,13.06808,9.765046
"2021-06-29 05:30:00",93,12.92,24.96,26.37884,22.74441,18.31924,14.45108,11.40982,9.873896,9.81759,9.825373,9.804957,9.781519,-0.088351,-0.780049,9.85513,-0.107666,-0.949831,9.82192,210629,62911,20.237,34.84,38.33,24.91,2.2,0.2,1.06,4.22,0.58,0.47,6.14,18.17,2.98,2.107,5.81,11.91,1.2,13.06868,9.763971
"2021-06-29 05:40:00",94,12.93,24.93,26.35461,22.67489,18.30645,14.46878,11.43432,9.847711,9.817896,9.829798,9.808618,9.780939,-0.088572,-0.781927,9.85106,-0.107796,-0.951005,9.82301,210629,63911,20.342,35.04,38.46,25,3.81,0.34,1,3.99,0.45,0.34,6.15,18.21,2.98,2.107,5.8,11.92,1.2,13.0691,9.764061
"2021-06-29 05:50:00",95,12.93,24.89,26.32525,22.70532,18.23785,14.4371,11.42718,9.850702,9.818414,9.829218,9.805628,9.781854,-0.087863,-0.775786,9.85796,-0.10751,-0.948508,9.82426,210629,64911,20.257,35,38.49,25.02,1.7,0.15,1.13,4.5,0.5,0.4,6.13,18.13,2.99,2.108,5.81,11.93,1.21,13.0687,9.764491
"2021-06-29 06:00:00",96,12.92,24.87,26.2749,22.72259,18.29861,14.47686,11.3515,9.869806,9.817957,9.826532,9.806208,9.783533,-0.087835,-0.77531,9.84543,-0.107966,-0.952495,9.82255,210629,65911,20.35,35.03,38.45,24.99,3.8,0.34,0.79,3.12,0.49,0.38,6.21,18.4,2.99,2.109,5.81,11.93,1.2,13.06951,9.765476
"2021-06-29 06:10:00",97,12.93,24.88,26.25006,22.71777,18.26278,14.50799,11.40835,9.831873,9.819818,9.823999,9.807642,9.785486,-0.088254,-0.778716,9.82944,-0.108062,-0.953345,9.822699,210629,70911,20.281,35.05,38.52,25.04,1.71,0.15,1.27,5.05,0.6,0.49,6.15,18.21,2.99,2.109,5.81,11.94,1.21,13.06971,9.766928
"2021-06-29 06:20:00",98,12.94,24.9,26.22997,22.69442,18.376,14.52615,11.3627,9.828028,9.818659,9.823633,9.804224,9.781641,-0.087883,-0.775724,9.84463,-0.107088,-0.944742,9.82208,210629,71911,20.264,35.01,38.49,25.02,1.51,0.14,1.14,4.53,0.54,0.43,6.14,18.18,2.99,2.109,5.81,11.95,1.2,13.0691,9.763702
"2021-06-29 06:30:00",99,12.94,24.96,26.22061,22.6798,18.38491,14.64556,11.25299,9.829798,9.814936,9.820246,9.802423,9.783838,-0.088546,-0.78158,9.8448,-0.10654,-0.93991,9.8224,210629,72911,20.3,35.02,38.48,25.01,2.58,0.23,0.97,3.85,0.44,0.34,6.16,18.25,2.99,2.109,5.81,11.97,1.21,13.06975,9.765135
"2021-06-29 06:40:00",100,12.97,25.04,26.18475,22.68566,18.33071,14.75353,11.36495,9.817866,9.816462,9.819238,9.802759,9.784174,-0.088641,-0.782401,9.84402,-0.108142,-0.954021,9.8216,210629,73911,20.286,35.05,38.52,25.04,1.35,0.12,1.48,5.9,0.56,0.45,6.14,18.17,2.99,2.108,5.81,11.98,1.2,13.06929,9.766839
"2021-06-29 06:50:00",101,12.96,25.14,26.16296,22.67718,18.29278,14.80856,11.34692,9.812769,9.816858,9.818811,9.804102,9.783319,-0.087821,-0.775014,9.83601,-0.108049,-0.95331,9.82615,210629,74911,20.242,35.01,38.51,25.03,1.02,0.09,1.39,5.54,0.68,0.58,6.1,18.05,2.99,2.108,5.81,11.99,1.21,13.06974,9.764652
"2021-06-29 07:00:00",102,13,25.27,26.12298,22.73895,18.2564,14.89889,11.38265,9.809138,9.81817,9.823237,9.804987,9.782312,-0.088315,-0.779226,9.82804,-0.107632,-0.949578,9.82379,210629,75911,20.114,34.68,38.25,24.86,0.19,0.02,2.28,9.16,0.84,0.73,6.01,17.8,2.99,2.109,5.81,11.95,1.2,13.06958,9.769079
"2021-06-29 07:10:00",103,13.01,25.68,26.12716,22.71005,18.26754,14.8468,11.45666,9.809656,9.816889,9.821406,9.803736,9.795832,-0.088383,-0.779993,9.83696,-0.107113,-0.944988,9.82349,210629,80911,20.1,34.61,38.18,24.82,0.56,0.05,2.43,9.76,0.85,0.75,6.03,17.84,2.99,2.11,5.81,12,1.2,13.07001,9.783604
"2021-06-29 07:20:00",104,13,26.57,26.12103,22.65731,18.2084,14.9078,11.4439,9.819055,9.817286,9.820398,9.802882,9.788538,-0.088123,-0.777813,9.84292,-0.107094,-0.944976,9.83053,210629,81911,20.055,34.45,38.05,24.73,0.38,0.03,2.05,8.21,0.77,0.67,5.98,17.71,2.99,2.113,5.81,12.01,1.21,13.06927,9.775857
"2021-06-29 07:30:00",105,13.01,27.59,26.18118,22.55667,18.25219,14.89132,11.41806,9.834192,9.813226,9.817682,9.801508,9.784296,-0.088272,-0.779193,9.84668,-0.106585,-0.940383,9.82568,210629,82911,19.929,34.39,38.08,24.75,-0.09,-0.01,2.33,9.37,0.98,0.88,5.89,17.43,3,2.116,5.81,12.1,1.2,13.07012,9.768021
"2021-06-29 07:40:00",106,12.93,28.64,26.15774,22.50817,18.26492,14.85269,11.44488,9.837458,9.812006,9.819178,9.802362,9.78161,-0.088316,-0.779552,9.84527,-0.10714,-0.945241,9.824119,210629,83911,19.934,34.38,38.06,24.74,-0.25,-0.02,2.31,9.28,0.94,0.84,5.91,17.48,3,2.12,5.81,11.96,1.21,13.06995,9.763881
"2021-06-29 07:50:00",107,13.02,29.55,26.17739,22.44897,18.21041,14.7933,11.514,9.83819,9.815607,9.819361,9.804346,9.781489,-0.088395,-0.780224,9.84386,-0.107845,-0.951453,9.82349,210629,84911,19.899,34.38,38.09,24.76,-0.33,-0.03,2.51,10.09,1,0.9,5.88,17.41,3.01,2.122,5.81,12.12,1.2,13.07049,9.76399
"2021-06-29 08:00:00",108,13.05,30.26,26.14028,22.43417,18.18179,14.70117,11.38876,9.821009,9.817713,9.819788,9.804194,9.781733,-0.088591,-0.781969,9.844479,-0.107981,-0.952573,9.82004,210629,85911,19.843,34.35,38.1,24.77,-0.45,-0.04,1.7,6.82,0.64,0.54,5.89,17.43,3.01,2.124,5.81,12.12,1.21,13.07036,9.763398
"2021-06-29 08:10:00",109,13.13,30.92,26.15557,22.39834,18.17639,14.57034,11.32403,9.822931,9.813959,9.819635,9.804407,9.779535,-0.087747,-0.7745,9.84354,-0.106921,-0.943236,9.82082,210629,90911,19.843,34.32,38.07,24.75,-0.32,-0.03,1.39,5.55,0.57,0.47,5.86,17.33,3.01,2.126,5.81,12.14,1.2,13.07056,9.762574
"2021-06-29 08:20:00",110,13.32,31.5,26.36389,22.26315,18.13769,14.47479,11.29153,9.814905,9.818293,9.820124,9.804163,9.798731,-0.088082,-0.777367,9.83837,-0.107223,-0.946373,9.84197,210629,91911,19.812,34.34,38.12,24.78,-0.5,-0.05,1.99,7.98,0.81,0.7,5.84,17.27,3.01,2.128,5.81,12.32,1.2,13.07082,9.782061
"2021-06-29 08:30:00",111,13.54,31.85,26.17452,22.20129,18.07412,14.414,11.20721,9.809656,9.818293,9.8323,9.803064,9.780878,-0.086333,-0.761933,9.83852,-0.106939,-0.943469,9.82411,210629,92911,19.758,34.37,38.2,24.83,-0.66,-0.06,1.95,7.81,0.76,0.65,5.8,17.16,3.02,2.13,5.81,12.58,1.2,13.07074,9.767018
"2021-06-29 08:40:00",112,13.59,32.24,26.1441,22.13815,18.05581,14.49316,11.26168,9.817225,9.815333,9.820306,9.801752,9.780298,-0.086351,-0.76213,9.84088,-0.107138,-0.94519,9.82255,210629,93911,19.729,34.35,38.2,24.83,-0.58,-0.05,1.56,6.25,0.55,0.45,5.78,17.1,3.02,2.131,5.81,12.69,1.21,13.06996,9.764114
"2021-06-29 08:50:00",113,13.59,32.7,26.16839,22.21691,18.07992,14.5386,11.35687,9.810236,9.815668,9.821558,9.801966,9.781885,-0.08745,-0.771711,9.83414,-0.107235,-0.946024,9.82177,210629,94911,19.749,34.35,38.18,24.82,-0.6,-0.05,2.07,8.28,0.74,0.64,5.81,17.19,3.02,2.13,5.81,12.65,1.2,13.07073,9.765513
"2021-06-29 09:00:00",114,13.54,33.06,26.10571,22.1448,18.03298,14.53659,11.32342,9.80163,9.818873,9.821986,9.802423,9.783198,-0.087106,-0.76849,9.82379,-0.106939,-0.94348,9.82443,210629,95911,19.618,34.39,38.33,24.92,-0.85,-0.08,1.79,7.15,0.74,0.64,5.76,17.05,3.02,2.13,5.81,12.63,1.21,13.07216,9.76682
"2021-06-29 09:10:00",115,13.55,33.4,25.98345,22.27474,18.1004,14.61676,11.40765,9.802423,9.814356,9.817255,9.803064,9.780695,-0.087303,-0.77022,9.82379,-0.106994,-0.943999,9.8263,210629,100911,19.693,34.43,38.32,24.91,-0.95,-0.09,1.98,7.93,0.65,0.55,5.79,17.14,3.02,2.131,5.81,12.64,1.21,13.0715,9.765871
"2021-06-29 09:20:00",116,13.55,33.64,26.09008,22.33938,18.27056,14.87008,11.52557,9.808314,9.816156,9.819605,9.80221,9.795466,-0.087589,-0.772922,9.83321,-0.10676,-0.941927,9.82584,210629,101911,19.818,34.55,38.34,24.92,-1.18,-0.11,2.75,11.04,0.81,0.71,5.9,17.47,3.02,2.129,5.81,12.62,1.21,13.07239,9.777326
"2021-06-29 09:30:00",117,13.55,33.71,26.13992,22.44576,18.30282,14.91397,11.59841,9.806604,9.819879,9.822962,9.803126,9.783442,-0.087985,-0.776277,9.825519,-0.106858,-0.942766,9.82459,210629,102911,19.887,34.45,38.17,24.81,-0.52,-0.05,1.47,5.89,0.52,0.42,5.92,17.53,3.02,2.128,5.81,12.6,1.2,13.07139,9.767718
"2021-06-29 09:40:00",118,13.59,33.52,26.23242,22.39666,18.39312,15.09509,11.66934,9.801661,9.816553,9.823602,9.805445,9.783625,-0.087889,-0.775366,9.82208,-0.108129,-0.953933,9.82255,210629,103911,19.84,34.37,38.13,24.78,-0.54,-0.05,1.43,5.72,0.65,0.55,5.86,17.33,3.02,2.129,5.8,12.66,1.2,13.07134,9.767466
"2021-06-29 09:50:00",119,13.58,33.53,26.47936,22.28427,18.50341,15.22973,11.82928,9.812952,9.821406,9.82638,9.807825,9.78515,-0.087435,-0.771634,9.83711,-0.10674,-0.941678,9.822699,210629,104911,19.96,34.48,38.16,24.8,-0.2,-0.02,2.44,9.8,0.99,0.89,5.95,17.62,3.02,2.128,5.81,12.65,1.2,13.0722,9.772216
"2021-06-29 10:00:00",120,13.56,33.74,26.86672,22.18279,18.48388,15.31408,11.85537,9.810297,9.818476,9.826074,9.810083,9.784876,-0.088247,-0.778714,9.83257,-0.106534,-0.93988,9.82349,210629,105911,20.055,34.58,38.19,24.82,0.36,0.03,5.31,21.43,2.02,1.93,5.96,17.65,3.02,2.128,5.81,12.64,1.2,13.07117,9.769115
"2021-06-29 10:10:00",121,13.55,33.88,26.73257,22.00131,18.51995,15.37841,11.87124,9.81405,9.821741,9.823572,9.805201,9.782282,-0.086784,-0.765894,9.83743,-0.107222,-0.945956,9.8238,210629,110911,19.91,34.42,38.13,24.78,0.13,0.01,4.03,16.22,1.81,1.71,5.9,17.46,3.02,2.13,5.81,12.61,1.2,13.07218,9.767162
"2021-06-29 10:20:00",122,13.55,33.99,26.54644,21.82934,18.67941,15.4898,11.67517,9.818873,9.819605,9.824579,9.804438,9.780085,-0.086881,-0.766819,9.84151,-0.106721,-0.941481,9.82114,210629,111911,20.075,34.7,38.3,24.9,2.49,0.23,5.57,22.45,1.99,1.9,5.94,17.57,3.02,2.13,5.81,12.62,1.2,13.07266,9.76451
"2021-06-29 10:30:00",123,13.58,34.09,26.16699,21.81872,18.97363,15.4042,11.54119,9.819422,9.819117,9.823664,9.804102,9.78097,-0.087923,-0.776062,9.84369,-0.106397,-0.938623,9.821299,210629,112911,20.38,35.06,38.45,24.99,4,0.36,4.71,18.99,1.25,1.15,6.14,18.17,3.02,2.129,5.81,12.66,1.21,13.07318,9.764293
"2021-06-29 10:40:00",124,13.56,34.13,26.02053,21.92617,18.88278,14.70028,11.16891,9.828363,9.823664,9.823816,9.804194,9.779779,-0.088171,-0.778267,9.84495,-0.107453,-0.947976,9.82286,210629,113911,20.494,35.1,38.41,24.96,6.56,0.59,1.68,6.72,0.78,0.67,6.25,18.51,3.01,2.125,5.81,12.64,1.2,13.07212,9.764311
"2021-06-29 10:50:00",125,13.56,34.03,25.99337,22.24362,18.96826,14.50271,11.18569,9.828028,9.824152,9.82577,9.804163,9.781763,-0.088315,-0.779551,9.84543,-0.107381,-0.947339,9.82271,210629,114911,20.561,35.32,38.59,25.08,7.88,0.71,1.73,6.94,0.74,0.64,6.34,18.78,3,2.119,5.81,12.63,1.2,13.07413,9.767322
"2021-06-29 11:00:00",126,13.58,34.07,25.90344,22.20748,18.65414,14.06942,11.02349,9.82223,9.82641,9.82815,9.805292,9.783686,-0.087972,-0.776524,9.84558,-0.107254,-0.946256,9.82443,210629,115911,20.704,35.67,38.86,25.26,10.45,0.94,1.34,5.35,0.6,0.49,6.38,18.89,2.99,2.114,5.81,12.66,1.21,13.0723,9.768057
"2021-06-29 11:10:00",127,13.57,34.12,25.53915,22.47393,18.40255,14.06387,11.31579,9.822168,9.827936,9.831598,9.807093,9.784296,-0.088872,-0.78446,9.8448,-0.107155,-0.945336,9.82255,210629,120911,20.541,35.48,38.78,25.21,7.38,0.66,2.7,10.85,1.04,0.94,6.27,18.58,2.99,2.108,5.81,12.66,1.2,13.07382,9.767501
"2021-06-29 11:20:00",128,13.59,34.27,25.22354,22.5325,18.34493,14.00424,11.27923,9.823267,9.82818,9.829249,9.805689,9.784082,-0.088212,-0.778614,9.84417,-0.107364,-0.94721,9.82365,210629,121911,20.548,35.27,38.54,25.05,7.47,0.67,1.73,6.94,0.81,0.7,6.28,18.6,2.98,2.105,5.81,12.66,1.21,13.07501,9.769223
"2021-06-29 11:30:00",129,13.59,34.45,25.20196,22.57675,17.99969,14.04196,11.25402,9.829554,9.825678,9.826807,9.807764,9.786432,-0.088411,-0.780379,9.84432,-0.108264,-0.955128,9.82286,210629,122911,20.387,35.01,38.39,24.95,5.17,0.47,2.36,9.479999,0.89,0.79,6.19,18.31,2.98,2.105,5.81,12.66,1.2,13.07386,9.768899
"2021-06-29 11:40:00",130,13.57,34.53,25.59506,22.61309,18.16735,14.03161,11.31356,9.836206,9.824335,9.826777,9.804895,9.781489,-0.087459,-0.772001,9.84573,-0.107957,-0.952461,9.82459,210629,123911,20.245,34.88,38.37,24.94,4.27,0.39,2.78,11.17,1.02,0.92,6.12,18.1,2.98,2.105,5.81,12.66,1.2,13.07396,9.766695
"2021-06-29 11:50:00",131,13.28,34.51,25.72607,22.58938,18.19766,13.93804,11.21224,9.833521,9.823999,9.826929,9.807184,9.782892,-0.088026,-0.777082,9.8498,-0.107963,-0.952478,9.82286,210629,124911,20.063,34.51,38.11,24.77,3.34,0.3,2.02,8.08,0.83,0.73,6.05,17.91,2.99,2.107,5.81,12.54,1.21,13.07304,9.767591
"2021-06-29 12:00:00",132,13.27,34.55,25.12646,22.62686,18.29983,14.09304,11.06262,9.822016,9.825953,9.827418,9.807276,9.778558,-0.088521,-0.781374,9.84558,-0.106503,-0.939571,9.82177,210629,125911,20.299,34.75,38.18,24.82,4.79,0.43,1.38,5.52,0.75,0.65,6.25,18.51,2.98,2.104,5.81,12.45,1.2,13.0737,9.763361
"2021-06-29 12:10:00",133,15.46,34.51,25.23785,22.73443,18.38006,14.23849,11.09426,9.818446,9.821466,9.824946,9.801874,9.775477,-0.088586,-0.781928,9.8448,-0.106992,-0.943769,9.81675,210629,130911,20.437,35.29,38.66,25.13,6.05,0.55,1.71,6.84,0.8,0.7,6.29,18.62,2.98,2.101,5.8,12.33,1.2,13.07265,9.76019
"2021-06-29 12:20:00",134,13.27,34.54,25.26061,22.76995,18.34396,14.31378,11.27838,9.823175,9.821924,9.823419,9.800898,9.781763,-0.088687,-0.782837,9.84573,-0.106949,-0.943518,9.82255,210629,131911,20.408,35.26,38.65,25.12,6.53,0.59,1.94,7.78,0.88,0.77,6.21,18.38,2.97,2.097,5.81,12.27,1.2,13.07561,9.766301
"2021-06-29 12:30:00",135,13.9,34.59,24.97427,22.8981,18.71371,14.31054,11.43545,9.858301,9.820886,9.822595,9.801416,9.782221,-0.088248,-0.779379,9.86829,-0.107678,-0.949956,9.82271,210629,132911,20.383,35.09,38.48,25.01,5.94,0.54,1.21,4.83,0.54,0.43,6.25,18.52,2.97,2.094,5.81,12.3,1.2,13.07655,9.767
"2021-06-29 12:40:00",136,13.24,34.65,24.94686,23.03088,18.72997,14.74948,11.71157,9.884363,9.818354,9.822901,9.805536,9.787653,-0.087586,-0.773619,9.87298,-0.107201,-0.945789,9.82459,210629,133911,20.517,35.38,38.69,25.15,8.63,0.78,1.29,5.15,0.55,0.45,6.35,18.8,2.97,2.094,5.81,14.24,1.2,13.07135,9.77209
"2021-06-29 12:50:00",137,13.4,34.74,25.54644,23.32482,18.6976,14.83929,11.89666,10.07904,9.821619,9.823816,9.806604,9.783228,-0.088108,-0.779985,9.96831,-0.107506,-0.948459,9.82379,210629,134911,20.503,35.12,38.42,24.97,8.33,0.75,0.72,2.85,0.37,0.27,6.29,18.63,2.95,2.086,5.81,12.29,1.21,13.07499,9.767214
"2021-06-29 13:00:00",138,13.24,34.86,25.82797,23.25692,18.55889,14.79147,11.90554,9.99447,9.823054,9.825037,9.806269,9.78808,-0.088541,-0.783828,9.9691,-0.107811,-0.951196,9.82584,210629,135911,20.476,35.33,38.67,25.14,6.63,0.6,1.2,4.76,0.53,0.42,6.26,18.53,2.95,2.086,5.8,13.61,1.2,13.07319,9.772522
"2021-06-29 13:10:00",139,13.48,34.92,25.15869,23.289,18.59249,14.47625,11.85656,9.978205,9.823999,9.82992,9.810633,9.796442,-0.088669,-0.784849,9.96268,-0.107478,-0.948659,9.84369,210629,140911,20.787,35.82,38.95,25.32,16.84,1.51,0.92,3.62,0.4,0.3,6.44,19.06,2.95,2.084,5.81,12.28,1.21,13.07555,9.783353
"2021-06-29 13:20:00",140,13.24,34.93,26.35192,23.48098,18.60702,14.47702,11.81979,9.991388,9.823786,9.830988,9.812189,9.790613,-0.088264,-0.781381,9.96925,-0.108058,-0.953417,9.8274,210629,141911,20.69,35.74,38.94,25.31,11.17,1,1.49,5.94,0.66,0.56,6.38,18.89,2.94,2.077,5.81,13.85,1.2,13.07716,9.774403
"2021-06-29 13:30:00",141,13.24,34.96,26.64767,23.62667,18.70538,14.26998,11.72885,9.922297,9.828394,9.830225,9.812982,9.794458,-0.087875,-0.777263,9.93233,-0.107075,-0.944736,9.82725,210629,142911,20.898,36.06,39.12,25.43,18.35,1.64,0.83,3.29,0.45,0.34,6.5,19.26,2.94,2.073,5.81,14.14,1.21,13.07124,9.778978
"2021-06-29 13:40:00",142,13.75,35.06,25.75439,23.34896,18.45761,14.23446,11.66564,9.929682,9.827722,9.82876,9.807276,9.788538,-0.088238,-0.780413,9.92903,-0.107578,-0.94914,9.82568,210629,143911,20.623,35.44,38.67,25.14,12.49,1.12,1.02,4.03,0.42,0.32,6.38,18.88,2.93,2.069,5.81,12.28,1.2,13.07422,9.774511
"2021-06-29 13:50:00",143,13.24,35.06,25.87084,22.93795,18.51,14.02947,11.67312,10.04275,9.827082,9.827631,9.807947,9.788904,-0.087993,-0.778813,9.95988,-0.107372,-0.947285,9.824119,210629,144911,20.498,35.26,38.58,25.08,8.060001,0.73,1.06,4.21,0.45,0.34,6.31,18.68,2.94,2.073,5.81,14.46,1.2,13.07491,9.774045
"2021-06-29 14:00:00",144,13.24,35.12,26.52621,22.85421,18.4653,13.88723,11.70312,10.10803,9.836023,9.826318,9.810572,9.794489,-0.088106,-0.780559,10.00071,-0.108358,-0.956338,9.83947,210629,145911,20.525,35.33,38.63,25.11,8.810001,0.79,1.52,6.09,0.6,0.5,6.31,18.7,2.94,2.073,5.81,12.44,1.2,13.07582,9.782097
"2021-06-29 14:10:00",145,13.4,35.3,26.29238,22.90649,18.67956,13.89773,11.67654,10.05856,9.831202,9.830134,9.81283,9.793238,-0.08797,-0.779839,10.02697,-0.106155,-0.936805,9.8354,210629,150911,20.384,35.01,38.4,24.96,6.92,0.62,1.47,5.87,0.56,0.46,6.22,18.42,2.94,2.074,5.8,12.27,1.21,13.07647,9.776161
"2021-06-29 14:20:00",146,13.24,35.52,26.11273,22.88818,18.75805,14.04129,11.8139,9.959192,9.832727,9.831506,9.811701,9.793177,-0.087325,-0.773366,9.98568,-0.107418,-0.947813,9.82929,210629,151911,20.541,35.23,38.51,25.03,9.229999,0.83,1.21,4.82,0.52,0.42,6.33,18.76,2.95,2.079,5.81,14.22,1.2,13.07469,9.775677
"2021-06-29 14:30:00",147,15.28,35.64,26.41665,22.98181,18.45159,13.93298,11.68356,9.922876,9.83761,9.83584,9.813226,9.793482,-0.088127,-0.779619,9.93905,-0.107448,-0.948079,9.82929,210629,152911,20.633,35.45,38.67,25.14,11.1,1,0.89,3.51,0.52,0.41,6.38,18.88,2.94,2.078,5.81,12.3,1.21,13.07782,9.776394
"2021-06-29 14:40:00",148,13.25,35.72,27.14324,23.11117,18.75073,14.08755,11.81301,9.941614,9.835474,9.837214,9.817042,9.795618,-0.088249,-0.780699,9.93953,-0.108017,-0.95331,9.83868,210629,153911,20.555,35.39,38.68,25.14,9.6,0.86,0.83,3.29,0.44,0.33,6.35,18.8,2.94,2.075,5.81,12.25,1.2,13.0748,9.779281
"2021-06-29 14:50:00",149,13.25,35.76,27.51608,22.90234,18.63961,14.34857,12.02844,9.897089,9.837061,9.837274,9.816339,9.796838,-0.088292,-0.780581,9.91261,-0.107897,-0.952272,9.83994,210629,154911,20.556,35.32,38.6,25.09,9.22,0.83,1.28,5.12,0.52,0.42,6.31,18.69,2.94,2.074,5.81,12.36,1.21,13.07657,9.78199
"2021-06-29 15:00:00",150,13.4,35.8,27.14266,23.18252,18.60299,14.4999,11.94088,9.865412,9.837183,9.835566,9.818964,9.797694,-0.088863,-0.785176,9.88787,-0.107466,-0.948461,9.83963,210629,155911,20.664,35.61,38.83,25.24,12.25,1.1,1.17,4.66,0.51,0.41,6.36,18.84,2.93,2.071,5.81,12.27,1.2,13.07581,9.78565
"2021-06-29 15:10:00",151,13.24,35.84,27.14633,23.11532,18.61242,14.53982,11.91186,9.85705,9.832941,9.832727,9.81463,9.796259,-0.088606,-0.782534,9.86781,-0.106142,-0.936763,9.838839,210629,160912,20.491,35.27,38.6,25.09,7.9,0.71,1.55,6.19,0.69,0.59,6.27,18.57,2.94,2.072,5.81,13.86,1.2,13.07491,9.78251
"2021-06-29 15:20:00",152,15.03,35.89,27.50741,23.15777,18.55892,14.54589,11.73489,9.859888,9.832697,9.83291,9.812586,9.799555,-0.088434,-0.781307,9.88364,-0.107372,-0.947801,9.84698,210629,161912,20.703,35.66,38.85,25.25,12.09,1.08,0.87,3.45,0.42,0.32,6.39,18.94,2.93,2.068,5.8,12.29,1.2,13.07751,9.779784
"2021-06-29 15:30:00",153,13.24,35.98,27.70642,23.22885,18.62856,14.46218,11.68203,9.861597,9.831751,9.832147,9.826136,9.808588,-0.088162,-0.778908,9.88395,-0.10738,-0.947875,9.84699,210629,162912,20.585,35.38,38.64,25.12,9.55,0.86,1.09,4.32,0.42,0.32,6.3,18.65,2.93,2.066,5.81,12.25,1.2,13.07444,9.795607
"2021-06-29 15:40:00",154,13.24,36.05,27.94903,23.51064,18.41802,14.4526,11.59426,9.851984,9.834772,9.840326,9.822504,9.806146,-0.088769,-0.783977,9.86797,-0.107753,-0.951153,9.84668,210629,163912,20.707,35.69,38.88,25.27,13.09,1.17,0.99,3.94,0.44,0.33,6.46,19.14,2.92,2.061,5.81,12.35,1.2,13.07505,9.790745
"2021-06-29 15:50:00",155,13.31,36.06,28.1452,23.61709,18.39327,14.23849,11.73617,9.909326,9.828882,9.836634,9.823908,9.804407,-0.088797,-0.784228,9.86829,-0.107999,-0.953279,9.844479,210629,164912,20.597,35.32,38.56,25.06,11.9,1.07,1.03,4.07,0.49,0.39,6.38,18.91,2.91,2.054,5.81,12.26,1.2,13.07593,9.782061
"2021-06-29 16:00:00",156,13.24,36.08,28.36315,23.67983,18.36028,14.24023,11.64367,9.957514,9.827448,9.829218,9.815638,9.792963,-0.088405,-0.781607,9.9137,-0.107305,-0.946795,9.82851,210629,165912,20.294,34.78,38.22,24.84,6.06,0.55,1.35,5.4,0.55,0.44,6.16,18.23,2.91,2.053,5.81,12.24,1.2,13.07595,9.775102
"2021-06-29 16:10:00",157,14.26,35.99,28.31799,23.63705,18.32476,14.39028,11.82226,9.909174,9.82696,9.833277,9.816401,9.796167,-0.088351,-0.781139,9.91418,-0.107487,-0.948587,9.83696,210629,170912,20.141,34.71,38.26,24.87,5.23,0.47,1.66,6.64,0.6,0.49,6.02,17.81,2.91,2.057,5.8,12.3,1.21,13.07757,9.779623
"2021-06-29 16:20:00",158,13.25,35.8,28.38622,23.53436,18.49047,14.2474,11.83651,9.897638,9.829279,9.836176,9.81695,9.796961,-0.088453,-0.781806,9.90164,-0.108215,-0.955004,9.83633,210629,171912,20.548,35.24,38.51,25.03,10.59,0.95,1.01,4.01,0.42,0.32,6.27,18.58,2.91,2.057,5.81,13.32,1.21,13.07414,9.781254
"2021-06-29 16:30:00",159,13.24,35.6,28.5118,23.32507,18.21697,14.32986,11.75433,9.862604,9.827966,9.837854,9.81811,9.795862,-0.088299,-0.780081,9.88192,-0.107662,-0.950061,9.83352,210629,172912,20.056,34.58,38.18,24.82,4.82,0.44,1.58,6.3,0.57,0.46,6,17.76,2.91,2.057,5.81,13.56,1.19,13.0748,9.778941
"2021-06-29 16:40:00",160,14.11,35.42,28.45306,23.31939,17.98846,14.17669,11.64508,9.864832,9.82995,9.834375,9.816156,9.795526,-0.088461,-0.781437,9.87753,-0.107881,-0.951981,9.83321,210629,173912,20.38,34.99,38.37,24.94,7.9,0.71,1.68,6.73,0.59,0.49,6.25,18.5,2.92,2.064,5.81,12.28,1.2,13.07458,9.778959
"2021-06-29 16:50:00",161,13.28,35.14,28.31524,23.44763,18.10916,14.14285,11.79388,9.868586,9.841058,9.836481,9.815729,9.797358,-0.088644,-0.783142,9.88239,-0.108178,-0.954678,9.83633,210629,174912,20.55,35.42,38.71,25.16,9.62,0.87,0.99,3.95,0.44,0.33,6.3,18.65,2.92,2.06,5.81,12.26,1.2,13.07567,9.779336
"2021-06-29 17:00:00",162,13.24,34.89,28.393,23.47088,18.39453,14.30813,11.54968,9.860162,9.839075,9.838312,9.817102,9.797968,-0.088494,-0.781575,9.86939,-0.107626,-0.949814,9.83681,210629,175912,20.544,35.3,38.58,25.08,9.13,0.82,1.34,5.36,0.52,0.41,6.31,18.69,2.91,2.054,5.81,12.24,1.2,13.07458,9.781721
"2021-06-29 17:10:00",163,13.24,34.63,28.51827,23.40432,18.35018,14.35833,11.55062,9.852717,9.832758,9.836481,9.81875,9.794702,-0.088416,-0.780822,9.866259,-0.107585,-0.949379,9.83366,210629,180912,20.525,35.26,38.55,25.06,9.22,0.83,1.22,4.85,0.5,0.4,6.29,18.64,2.91,2.052,5.81,12.24,1.21,13.07571,9.77885
"2021-06-29 17:20:00",164,13.56,34.38,28.78387,23.56194,18.42297,14.43029,11.61062,9.849359,9.836146,9.839075,9.819514,9.798853,-0.088808,-0.784324,9.86814,-0.107782,-0.951215,9.83791,210629,181912,20.572,35.34,38.6,25.09,9.36,0.84,1.09,4.33,0.5,0.4,6.32,18.7,2.91,2.051,5.81,12.25,1.2,13.07606,9.782205
"2021-06-29 17:30:00",165,13.55,34.09,28.67278,23.69613,18.29861,14.23635,11.62966,9.85943,9.835962,9.838953,9.81933,9.800501,-0.08813,-0.778351,9.869059,-0.107246,-0.946551,9.84088,210629,182912,20.304,34.92,38.36,24.93,7.62,0.69,1.16,4.62,0.41,0.31,6.14,18.17,2.9,2.05,5.8,12.26,1.21,13.07619,9.781578
"2021-06-29 17:40:00",166,13.25,33.77,28.69778,23.60992,18.22549,14.35183,11.67532,9.862574,9.83999,9.840814,9.819574,9.793298,-0.087952,-0.776803,9.87002,-0.107691,-0.950374,9.83601,210629,183912,20.658,35.53,38.74,25.18,12.92,1.16,1.08,4.28,0.5,0.39,6.41,18.99,2.9,2.049,5.81,12.53,1.2,13.07691,9.778224
"2021-06-29 17:50:00",167,13.24,33.4,28.54937,23.71084,18.2684,14.62655,11.89205,9.859125,9.837244,9.840876,9.818018,9.793878,-0.088838,-0.784595,9.86845,-0.107899,-0.952062,9.82975,210629,184912,20.397,35.11,38.49,25.02,7.58,0.68,1.47,5.86,0.53,0.43,6.14,18.18,2.9,2.047,5.81,12.57,1.2,13.07601,9.778186
"2021-06-29 18:00:00",168,13.65,33.02,28.35635,23.74859,18.35861,14.64001,11.81359,9.852258,9.844171,9.845087,9.820978,9.798426,-0.088655,-0.782977,9.8686,-0.107919,-0.952421,9.83774,210629,185912,20.546,35.37,38.66,25.13,10.88,0.98,1.11,4.42,0.51,0.41,6.27,18.57,2.89,2.043,5.81,12.39,1.2,13.0762,9.780842
"2021-06-29 18:10:00",169,13.28,32.68,28.42407,24.00762,18.28356,14.63711,11.90457,9.864099,9.838312,9.84109,9.823267,9.801813,-0.089244,-0.788306,9.87502,-0.107208,-0.946273,9.84338,210629,190912,20.431,35.2,38.57,25.07,9.7,0.87,1.14,4.54,0.42,0.32,6.27,18.56,2.89,2.037,5.81,12.5,1.2,13.07571,9.784806
"2021-06-29 18:20:00",170,13.34,32.31,28.47323,23.86129,18.29244,14.62142,11.9053,9.868189,9.838251,9.838709,9.820062,9.803064,-0.088723,-0.783593,9.86922,-0.108928,-0.961563,9.84809,210629,191912,20.442,35.24,38.6,25.09,10.88,0.98,1.19,4.76,0.44,0.33,6.22,18.42,2.89,2.038,5.81,12.41,1.21,13.0756,9.786133
"2021-06-29 18:30:00",171,13.23,32.01,28.44073,23.81362,18.24798,14.71572,11.74786,9.852778,9.836298,9.839472,9.823145,9.812708,-0.088402,-0.780724,9.8675,-0.10744,-0.948363,9.84543,210629,192912,20.388,35.03,38.41,24.97,8.83,0.8,0.89,3.54,0.42,0.32,6.21,18.38,2.88,2.035,5.81,12.81,1.2,13.07664,9.793599
"2021-06-29 18:40:00",172,13.71,31.93,28.38561,23.94467,18.30953,14.68167,11.71957,9.850855,9.833857,9.839045,9.823419,9.803919,-0.088456,-0.781213,9.86829,-0.107848,-0.952017,9.84746,210629,193912,20.246,34.5,37.95,24.67,9.55,0.86,1.03,4.1,0.4,0.3,6.06,17.93,2.88,2.036,5.81,12.23,1.21,13.07637,9.785829
"2021-06-29 18:50:00",173,13.29,31.87,28.33563,24.0368,18.25396,14.81475,11.45416,9.845209,9.832392,9.837305,9.830164,9.831598,-0.088373,-0.780453,9.86673,-0.107045,-0.944904,9.84635,210629,194912,20.448,35.12,38.46,25,10.32,0.93,0.96,3.79,0.47,0.36,6.28,18.6,2.89,2.039,5.81,12.31,1.21,13.07702,9.824506
"2021-06-29 19:00:00",174,13.23,31.65,28.3453,23.88793,18.29116,14.67916,11.2471,9.834192,9.837244,9.840723,9.827265,9.808283,-0.088876,-0.784889,9.8664,-0.107245,-0.946694,9.84776,210629,195912,20.205,34.68,38.18,24.82,8.060001,0.73,1.18,4.68,0.36,0.26,6.06,17.93,2.89,2.042,5.81,12.26,1.2,13.07708,9.792809
"2021-06-29 19:10:00",175,13.2,31.23,28.30129,23.99346,18.11468,14.59075,11.42031,9.839716,9.834558,9.84109,9.82281,9.827692,-0.087683,-0.774384,9.86797,-0.108035,-0.954005,9.8628,210629,200912,19.966,34.47,38.14,24.79,5.06,0.46,0.89,3.51,0.31,0.2,5.88,17.4,2.9,2.044,5.81,12.23,1.2,13.07722,9.824579
"2021-06-29 19:20:00",176,13.16,30.73,28.39861,23.91372,18.05331,14.48391,11.45092,9.83819,9.833582,9.839686,9.822901,9.825526,-0.088402,-0.780659,9.86375,-0.107953,-0.952954,9.84824,210629,201912,20.02,34.5,38.13,24.78,5.17,0.47,0.98,3.9,0.4,0.3,5.96,17.65,2.9,2.049,5.81,12.19,1.21,13.07655,9.814139
"2021-06-29 19:30:00",177,13.11,30.24,28.36913,23.91339,18.04681,14.53073,11.50979,9.835046,9.831812,9.841578,9.821253,9.803491,-0.08836,-0.780047,9.8509,-0.10786,-0.952109,9.84699,210629,202912,19.985,34.34,37.98,24.69,5.76,0.52,0.94,3.74,0.42,0.32,5.94,17.58,2.91,2.056,5.81,12.15,1.2,13.07617,9.790386
"2021-06-29 19:40:00",178,13.13,29.76,28.35284,24.00485,17.84863,14.54153,11.3746,9.826441,9.833613,9.840418,9.822077,9.803339,-0.089051,-0.78609,9.84761,-0.108467,-0.957471,9.84714,210629,203912,20.002,34.39,38.02,24.71,6.23,0.57,0.97,3.83,0.42,0.32,5.97,17.68,2.92,2.062,5.81,12.13,1.21,13.07647,9.789956
"2021-06-29 19:50:00",179,13.11,29.34,28.30505,23.94448,17.95251,14.54977,11.33581,9.820002,9.835078,9.839045,9.822199,9.810541,-0.088406,-0.780353,9.84527,-0.107328,-0.947424,9.84746,210629,204912,19.826,34.17,37.92,24.65,5.86,0.54,0.74,2.91,0.29,0.19,5.79,17.14,2.92,2.064,5.81,12.12,1.2,13.0772,9.809935
"2021-06-29 20:00:00",180,13.08,28.94,28.2445,23.76678,18.16992,14.8059,11.34976,9.821802,9.834986,9.836878,9.820642,9.8081,-0.088242,-0.778898,9.8448,-0.106518,-0.940364,9.85169,210629,205912,19.92,34.31,38,24.7,6.58,0.6,0.68,2.66,0.36,0.25,5.86,17.35,2.93,2.066,5.81,12.12,1.21,13.07742,9.798031
"2021-06-29 20:10:00",181,13.09,28.57,28.19238,23.88043,18.09548,14.84197,11.53106,9.82995,9.838251,9.837794,9.820612,9.804102,-0.088592,-0.781997,9.84558,-0.107309,-0.947239,9.84668,210629,210912,19.946,34.31,37.97,24.68,6.2,0.56,0.76,3.01,0.29,0.19,5.92,17.52,2.93,2.071,5.81,12.12,1.2,13.07786,9.78599
"2021-06-29 20:20:00",182,13.08,28.23,28.15777,23.71197,18.19415,14.89038,11.45581,9.83343,9.832239,9.838434,9.821009,9.796991,-0.088882,-0.78457,9.84605,-0.108543,-0.957839,9.83382,210629,211912,19.808,34.3,38.08,24.75,5.22,0.48,0.75,2.96,0.26,0.16,5.81,17.18,2.94,2.074,5.8,12.12,1.2,13.07731,9.779298
"2021-06-29 20:30:00",183,13.08,27.9,28.1152,23.58032,18.27114,15.04409,11.39501,9.819178,9.829676,9.834345,9.81756,9.79223,-0.088624,-0.782247,9.84369,-0.108162,-0.954378,9.82929,210629,212912,19.696,34.38,38.25,24.86,4.49,0.41,0.77,3.04,0.41,0.3,5.75,17,2.95,2.079,5.81,12.12,1.2,13.07723,9.776394
"2021-06-29 20:40:00",184,13.06,27.59,28.06262,23.52712,18.22463,15.04397,11.47259,9.819452,9.829676,9.837366,9.817804,9.796594,-0.088838,-0.784134,9.84369,-0.107626,-0.949717,9.83257,210629,213912,19.746,34.34,38.17,24.81,3.62,0.33,1.02,4.06,0.47,0.37,5.82,17.21,2.95,2.084,5.81,12.12,1.21,13.07633,9.778565
"2021-06-29 20:50:00",185,13.06,27.32,28.04437,23.68429,18.21527,15.06503,11.46002,9.812678,9.829187,9.83645,9.815729,9.794092,-0.088646,-0.782322,9.83743,-0.10804,-0.953307,9.82975,210629,214912,19.622,34.4,38.33,24.92,2.75,0.25,1.28,5.09,0.41,0.3,5.73,16.94,2.96,2.087,5.81,12.12,1.2,13.07729,9.777882
"2021-06-29 21:00:00",186,13.05,27.07,28.03344,23.76251,18.18841,15.07217,11.51007,9.807093,9.835902,9.839075,9.815424,9.795282,-0.08834,-0.779526,9.83211,-0.107431,-0.948072,9.83586,210629,215912,19.616,34.31,38.24,24.86,2.91,0.27,1.02,4.03,0.4,0.3,5.71,16.89,2.96,2.089,5.81,12.12,1.21,13.07744,9.778978
"2021-06-29 21:10:00",187,13.04,26.84,27.988,23.77319,18.06524,15.0241,11.54821,9.812067,9.836726,9.837488,9.815333,9.795649,-0.088132,-0.777817,9.839,-0.106969,-0.943997,9.83586,210629,220912,19.711,34.39,38.26,24.87,3.05,0.28,1.01,4.01,0.35,0.25,5.8,17.16,2.96,2.089,5.81,12.12,1.2,13.07718,9.780859
"2021-06-29 21:20:00",188,13.05,26.64,27.95648,23.82797,18.21072,14.97714,11.49246,9.827326,9.830469,9.839869,9.821924,9.799769,-0.088636,-0.782367,9.84463,-0.107136,-0.945616,9.84244,210629,221912,19.621,34.38,38.31,24.9,2.73,0.25,0.98,3.87,0.41,0.31,5.7,16.86,2.96,2.089,5.81,12.12,1.2,13.07777,9.784627
"2021-06-29 21:30:00",189,13.05,26.46,27.92944,23.78277,18.17776,14.94009,11.48165,9.819238,9.833674,9.838068,9.820734,9.797815,-0.088303,-0.779417,9.84402,-0.108106,-0.954214,9.84417,210629,222912,19.515,34.37,38.39,24.96,2.71,0.25,1.26,5.02,0.46,0.35,5.67,16.76,2.96,2.091,5.81,12.12,1.2,13.07752,9.782618
"2021-06-29 21:40:00",190,13.02,26.28,27.90548,23.55538,18.22894,14.87963,11.4363,9.81637,9.836054,9.838587,9.81991,9.801294,-0.088378,-0.780074,9.84369,-0.108627,-0.958875,9.84668,210629,223912,19.607,34.36,38.3,24.9,2.98,0.27,1.32,5.25,0.45,0.34,5.68,16.81,2.97,2.093,5.81,12.12,1.2,13.07796,9.785577
"2021-06-29 21:50:00",191,13.03,26.1,27.86993,23.53716,18.20178,14.92349,11.31732,9.831049,9.83291,9.837702,9.821741,9.801722,-0.088674,-0.782725,9.84558,-0.107163,-0.94593,9.84573,210629,224912,19.579,34.38,38.35,24.93,2.52,0.23,0.98,3.87,0.35,0.24,5.64,16.66,2.97,2.094,5.8,12.12,1.21,13.0781,9.786528
"2021-06-29 22:00:00",192,13.03,25.95,27.83215,23.26144,18.22866,14.91409,11.13519,9.835902,9.831629,9.83697,9.821741,9.800623,-0.088127,-0.777901,9.84605,-0.106567,-0.940665,9.84558,210629,225912,19.649,34.37,38.28,24.88,2.53,0.23,0.83,3.27,0.31,0.21,5.68,16.79,2.97,2.096,5.81,12.12,1.2,13.07785,9.785039
"2021-06-29 22:10:00",193,13.01,25.81,27.79937,23.12432,18.27011,14.90301,11.12197,9.832666,9.829614,9.83819,9.819574,9.798456,-0.088295,-0.779372,9.845101,-0.107182,-0.946052,9.844,210629,230912,19.702,34.38,38.25,24.87,2.76,0.25,1.06,4.19,0.37,0.27,5.75,16.99,2.97,2.098,5.8,12.12,1.2,13.07743,9.782833
"2021-06-29 22:20:00",194,13.02,25.71,27.7745,22.90286,18.42236,14.93963,11.13391,9.820551,9.834009,9.838739,9.820306,9.797571,-0.088419,-0.780442,9.84386,-0.108107,-0.954181,9.84212,210629,231912,19.738,34.4,38.25,24.86,2.87,0.26,0.9,3.56,0.34,0.24,5.83,17.24,2.98,2.101,5.81,12.09,1.21,13.07794,9.782887
"2021-06-29 22:30:00",195,13.01,25.61,27.74194,22.79074,18.50234,14.82644,11.01986,9.811762,9.830286,9.83526,9.817133,9.796656,-0.08868,-0.782721,9.84275,-0.108161,-0.954596,9.83932,210629,232912,19.71,34.33,38.19,24.82,3.36,0.31,0.78,3.08,0.41,0.31,5.81,17.19,2.98,2.104,5.81,12.05,1.21,13.07896,9.779837
"2021-06-29 22:40:00",196,13.01,25.5,27.71209,22.691,18.55224,14.88455,11.26983,9.809107,9.82934,9.837214,9.818811,9.79577,-0.088023,-0.776786,9.83524,-0.107873,-0.952084,9.84088,210629,233912,19.782,34.45,38.26,24.87,3,0.27,1.06,4.23,0.42,0.32,5.85,17.31,2.98,2.105,5.81,12.02,1.2,13.07825,9.780591
"2021-06-29 22:50:00",197,13,25.4,27.67681,22.58895,18.5664,14.69918,11.42309,9.808741,9.829523,9.83703,9.817072,9.796961,-0.088531,-0.781287,9.83617,-0.107775,-0.951192,9.83947,210629,234912,19.855,34.5,38.26,24.87,2.92,0.27,1.13,4.5,0.37,0.26,5.91,17.48,2.98,2.106,5.81,12.02,1.21,13.07882,9.781434
"2021-06-29 23:00:00",198,13,25.31,27.6463,22.50128,18.64654,14.74383,11.34936,9.808527,9.827814,9.835108,9.81869,9.798365,-0.088158,-0.77796,9.83446,-0.107723,-0.950805,9.84275,210629,235912,19.901,34.54,38.27,24.87,2.9,0.26,1.03,4.1,0.35,0.25,5.92,17.53,2.99,2.107,5.81,12.01,1.2,13.07743,9.782564
"2021-06-29 23:10:00",199,13,25.23,27.6285,22.6278,18.75091,14.69158,11.40264,9.809992,9.82696,9.83587,9.817225,9.797205,-0.0883,-0.779155,9.83131,-0.107798,-0.951446,9.84196,210630,912,19.974,34.59,38.27,24.87,3.05,0.28,0.99,3.91,0.34,0.23,5.96,17.64,2.98,2.107,5.81,12.01,1.2,13.07792,9.780627
"2021-06-29 23:20:00",200,13,25.15,27.6011,22.60439,18.8417,14.54586,11.57064,9.821314,9.83227,9.840723,9.817774,9.794184,-0.08852,-0.781321,9.84338,-0.108231,-0.955089,9.83399,210630,1912,19.966,34.27,37.91,24.64,2.82,0.26,0.85,3.36,0.37,0.26,5.99,17.73,2.98,2.105,5.81,12,1.21,13.07799,9.778367
"2021-06-29 23:30:00",201,13,25.08,27.54714,22.80557,18.88363,14.60336,11.57159,9.838801,9.839075,9.84109,9.81753,9.795587,-0.088137,-0.77818,9.85622,-0.107967,-0.952886,9.83977,210630,2912,19.992,34.28,37.91,24.64,2.55,0.23,0.97,3.86,0.38,0.28,6.03,17.84,2.98,2.104,5.81,12,1.2,13.07823,9.78034
"2021-06-29 23:40:00",202,12.98,25.02,27.53207,22.66287,18.99639,14.51611,11.58193,9.846887,9.840631,9.842279,9.819391,9.791712,-0.088899,-0.785127,9.86829,-0.107729,-0.950616,9.83195,210630,3912,20.023,34.7,38.35,24.93,2.94,0.27,0.87,3.44,0.36,0.25,6.04,17.87,2.98,2.103,5.81,12,1.21,13.07889,9.778492
"2021-06-29 23:50:00",203,12.98,24.96,27.50775,22.63717,19.04528,14.4869,11.49255,9.854822,9.839289,9.844354,9.821009,9.793574,-0.088436,-0.781077,9.87017,-0.108099,-0.953951,9.83524,210630,4912,20.072,34.78,38.39,24.95,3.13,0.28,1.38,5.53,0.5,0.4,6.08,18.01,2.98,2.102,5.81,12,1.22,13.07882,9.778798
"2021-06-30 00:00:00",204,12.98,24.9,27.4765,22.81268,19.12142,14.38098,11.488,9.850275,9.841303,9.844904,9.819727,9.797235,-0.088639,-0.783004,9.87769,-0.107925,-0.952441,9.83633,210630,5912,20.146,34.72,38.27,24.87,3.45,0.31,0.65,2.54,0.28,0.18,6.1,18.06,2.98,2.101,5.81,11.99,1.2,13.07886,9.780448
"2021-06-30 00:10:00",205,12.97,24.86,27.44616,22.8153,19.15283,14.2535,11.39553,9.853632,9.839655,9.839594,9.818598,9.798273,-0.088916,-0.78526,9.86719,-0.107142,-0.945664,9.84228,210630,10912,20.172,34.79,38.32,24.91,3.78,0.34,1,3.98,0.42,0.32,6.03,17.86,2.97,2.099,5.81,11.98,1.21,13.07862,9.782474
"2021-06-30 00:20:00",206,13,24.73,27.41317,22.94116,19.18102,14.22247,11.41433,9.863154,9.835138,9.840906,9.82223,9.795008,-0.088442,-0.781172,9.87267,-0.108016,-0.953229,9.83556,210630,11912,20.18,34.79,38.32,24.9,3.95,0.36,0.63,2.46,0.26,0.16,6.05,17.91,2.97,2.095,5.81,12,1.2,13.0788,9.78077
"2021-06-30 00:30:00",207,12.97,24.64,27.3905,22.76013,19.04064,14.10208,11.46582,9.882959,9.834406,9.838922,9.819178,9.797541,-0.08837,-0.780856,9.88973,-0.10697,-0.944049,9.83807,210630,12912,20.19,34.84,38.36,24.94,4.08,0.37,0.99,3.94,0.46,0.35,6.04,17.89,2.97,2.093,5.81,11.98,1.21,13.0782,9.78138
"2021-06-30 00:40:00",208,12.96,24.7,27.36514,22.86996,18.99847,14.09197,11.39227,9.866724,9.838038,9.839442,9.819788,9.799066,-0.088147,-0.778779,9.88395,-0.107514,-0.948948,9.84212,210630,13912,20.277,34.89,38.35,24.92,4.51,0.41,0.9,3.56,0.44,0.34,6.15,18.2,2.96,2.092,5.8,11.97,1.2,13.07864,9.783353
"2021-06-30 00:50:00",209,12.96,24.78,27.32189,22.76364,19.01037,14.07595,11.47711,9.861627,9.838587,9.839777,9.8193,9.798548,-0.088603,-0.782651,9.8755,-0.108011,-0.953311,9.84119,210630,14912,20.366,35.05,38.46,25,4.84,0.44,0.92,3.64,0.39,0.29,6.25,18.5,2.96,2.089,5.81,11.96,1.21,13.07913,9.78294
"2021-06-30 01:00:00",210,12.94,24.8,27.29363,22.68179,18.92455,14.09164,11.4454,9.887323,9.838465,9.840967,9.821894,9.801447,-0.088737,-0.784116,9.890839,-0.10804,-0.953658,9.845101,210630,15912,20.373,34.97,38.36,24.94,4.9,0.44,0.8,3.16,0.35,0.25,6.21,18.37,2.96,2.086,5.81,11.96,1.2,13.07913,9.787084
"2021-06-30 01:10:00",211,12.96,24.76,27.26895,22.83334,18.9887,14.1224,11.45974,9.909113,9.839716,9.840693,9.821466,9.801416,-0.088427,-0.781767,9.91198,-0.107865,-0.952107,9.845101,210630,20912,20.399,35,38.37,24.94,5.08,0.46,0.71,2.78,0.28,0.18,6.23,18.45,2.95,2.085,5.81,11.96,1.2,13.07915,9.785272
"2021-06-30 01:20:00",212,12.93,24.69,27.23342,22.83099,19.01635,14.14453,11.51052,9.957362,9.838282,9.841517,9.821558,9.805566,-0.088653,-0.784226,9.93687,-0.107788,-0.951503,9.84824,210630,21912,20.45,35.12,38.46,25,5.43,0.49,0.96,3.81,0.45,0.35,6.27,18.58,2.95,2.081,5.81,11.95,1.19,13.07825,9.789543
"2021-06-30 01:30:00",213,12.91,24.62,27.19705,22.93017,18.81582,14.13671,11.55053,9.938562,9.843317,9.84292,9.82461,9.803339,-0.088375,-0.781805,9.93905,-0.108235,-0.9554,9.84605,210630,22912,20.517,35.28,38.58,25.08,6.06,0.55,0.91,3.6,0.33,0.23,6.32,18.71,2.94,2.078,5.81,11.95,1.2,13.07895,9.78737
"2021-06-30 01:40:00",214,12.93,24.56,27.18035,22.99822,18.8016,14.14187,11.54385,9.95373,9.843774,9.842432,9.823847,9.804315,-0.088489,-0.782872,9.94203,-0.107474,-0.948668,9.84558,210630,23912,20.57,35.37,38.64,25.12,7.09,0.64,0.91,3.6,0.32,0.21,6.37,18.87,2.94,2.075,5.81,11.94,1.2,13.07898,9.789022
"2021-06-30 01:50:00",215,12.92,24.52,27.14746,22.97088,18.8092,14.14306,11.55886,9.882258,9.844538,9.855127,9.825708,9.805445,-0.088765,-0.784612,9.9043,-0.107026,-0.944731,9.84635,210630,24912,20.59,35.4,38.65,25.13,7.19,0.65,0.8,3.14,0.29,0.19,6.37,18.87,2.93,2.071,5.81,11.94,1.21,13.07956,9.788107
"2021-06-30 02:00:00",216,12.92,24.49,27.08245,23.06664,18.83233,14.16278,11.67016,9.968409,9.849726,9.851862,9.829493,9.805598,-0.089081,-0.787186,9.892239,-0.10761,-0.949873,9.84558,210630,25912,20.664,35.53,38.74,25.18,8.36,0.75,0.83,3.27,0.42,0.31,6.4,18.94,2.93,2.066,5.81,11.94,1.2,13.07981,9.790475
"2021-06-30 02:10:00",217,12.92,24.48,27.06518,22.9291,18.76892,14.16665,11.79885,9.950159,9.856439,9.852198,9.82815,9.807337,-0.088411,-0.781686,9.91525,-0.108096,-0.954189,9.84668,210630,30912,20.746,35.68,38.83,25.24,10.44,0.94,0.86,3.4,0.36,0.26,6.43,19.04,2.92,2.062,5.81,11.94,1.21,13.08063,9.793455
"2021-06-30 02:20:00",218,12.94,24.47,27.00567,22.83462,18.84069,14.20211,11.79821,9.953577,9.855371,9.855768,9.829157,9.806543,-0.088431,-0.782274,9.93764,-0.107104,-0.945438,9.84699,210630,31912,20.792,35.71,38.83,25.24,12.19,1.09,0.49,1.92,0.32,0.21,6.48,19.21,2.92,2.061,5.8,11.93,1.2,13.08056,9.79193
"2021-06-30 02:30:00",219,12.94,24.47,26.97299,22.93499,18.828,14.23806,11.79165,10.08355,9.851893,9.852808,9.830591,9.807917,-0.087997,-0.778451,9.938579,-0.108856,-0.960878,9.84605,210630,32912,20.84,35.78,38.87,25.26,12.51,1.12,0.53,2.06,0.33,0.23,6.44,19.07,2.92,2.06,5.81,11.93,1.2,13.07948,9.791462
"2021-06-30 02:40:00",220,12.93,24.47,26.95712,22.81115,18.78008,14.17623,11.90994,9.95489,9.851404,9.851496,9.830927,9.808618,-0.088706,-0.784503,9.9267,-0.108002,-0.953341,9.84621,210630,33912,20.846,35.77,38.85,25.25,12.28,1.1,0.73,2.87,0.36,0.26,6.46,19.13,2.91,2.057,5.81,11.93,1.2,13.07922,9.79297
"2021-06-30 02:50:00",221,12.93,24.48,26.90154,22.86169,18.64419,14.1958,11.91516,9.970636,9.84997,9.847132,9.827814,9.807032,-0.088931,-0.786293,9.9159,-0.107911,-0.952564,9.847299,210630,34912,20.716,35.59,38.76,25.19,10.06,0.9,0.63,2.46,0.37,0.27,6.45,19.1,2.91,2.056,5.81,11.92,1.21,13.07905,9.790243
"2021-06-30 03:00:00",222,12.93,24.51,26.89242,22.81356,18.56082,14.18185,11.90209,10.0306,9.849024,9.848688,9.827418,9.804346,-0.088271,-0.78066,9.92653,-0.10742,-0.948239,9.84776,210630,35912,20.747,35.62,38.77,25.2,10.45,0.94,1.18,4.69,0.4,0.29,6.4,18.97,2.91,2.055,5.81,11.92,1.2,13.07999,9.790674
"2021-06-30 03:10:00",223,12.93,24.57,26.84258,22.86962,18.55935,14.19717,11.83081,9.984797,9.848718,9.852228,9.831751,9.808344,-0.088567,-0.78309,9.91651,-0.108078,-0.954028,9.84684,210630,40912,20.713,35.62,38.8,25.22,9.229999,0.83,0.88,3.47,0.41,0.3,6.41,19,2.91,2.052,5.81,11.91,1.21,13.08032,9.790475
"2021-06-30 03:20:00",224,12.92,24.63,26.85079,22.8504,18.55239,14.22323,11.78549,9.9331,9.850153,9.854059,9.831049,9.81106,-0.088488,-0.782282,9.91056,-0.107787,-0.951504,9.84888,210630,41912,20.619,35.51,38.76,25.19,6.48,0.58,0.77,3.03,0.39,0.28,6.37,18.85,2.91,2.052,5.81,11.91,1.2,13.08128,9.794818
"2021-06-30 03:30:00",225,12.92,24.68,26.80889,22.83611,18.47161,14.21987,11.76275,9.928461,9.848871,9.852045,9.83285,9.811121,-0.088329,-0.780703,9.90133,-0.108036,-0.953685,9.84777,210630,42912,20.593,35.48,38.74,25.18,6.27,0.56,0.73,2.87,0.44,0.34,6.35,18.82,2.91,2.053,5.81,11.91,1.2,13.08056,9.795788
"2021-06-30 03:40:00",226,12.89,24.7,26.76785,22.83932,18.45892,14.11987,11.74023,9.903864,9.84997,9.854517,9.831965,9.809321,-0.088885,-0.785783,9.91026,-0.107871,-0.952206,9.84714,210630,43912,20.603,35.42,38.67,25.13,6.99,0.63,0.49,1.91,0.4,0.3,6.35,18.8,2.91,2.053,5.81,11.91,1.21,13.08053,9.791374
"2021-06-30 03:50:00",227,12.9,24.7,26.73846,22.8048,18.34936,14.13861,11.79363,9.894038,9.85055,9.852838,9.833613,9.81106,-0.089083,-0.787217,9.89319,-0.108309,-0.95607,9.84699,210630,44912,20.569,35.32,38.58,25.08,6.48,0.58,0.75,2.96,0.38,0.27,6.33,18.75,2.91,2.052,5.81,11.91,1.2,13.08012,9.794693
"2021-06-30 04:00:00",228,12.91,24.69,26.73318,22.84152,18.28729,14.07739,11.75506,9.878351,9.852442,9.860773,9.835291,9.811304,-0.088561,-0.782574,9.89132,-0.107513,-0.949038,9.84653,210630,45912,20.56,35.28,38.55,25.06,6.18,0.56,0.7,2.76,0.33,0.23,6.34,18.79,2.91,2.051,5.81,11.91,1.2,13.08113,9.795286
"2021-06-30 04:10:00",229,12.89,24.66,26.68502,22.84686,18.26812,14.13522,11.82293,9.855798,9.858362,9.855768,9.836054,9.816706,-0.08866,-0.783036,9.86939,-0.107565,-0.949524,9.84777,210630,50912,20.486,35.12,38.43,24.98,4.89,0.44,0.97,3.85,0.39,0.28,6.3,18.65,2.91,2.052,5.81,11.9,1.2,13.08008,9.798462
"2021-06-30 04:20:00",230,12.89,24.62,26.66213,22.85687,18.20782,14.10525,11.89056,9.849695,9.85647,9.854273,9.834222,9.81164,-0.088391,-0.780651,9.86845,-0.107457,-0.948563,9.84747,210630,51912,20.417,34.97,38.33,24.91,4.16,0.38,0.66,2.6,0.33,0.23,6.3,18.67,2.91,2.052,5.81,11.91,1.2,13.0812,9.794837
"2021-06-30 04:30:00",231,12.88,24.59,26.62936,22.87829,18.25884,14.20703,11.93124,9.842371,9.856257,9.856043,9.836603,9.812922,-0.088296,-0.779714,9.86328,-0.107776,-0.951367,9.84714,210630,52912,20.437,35.02,38.36,24.93,4.38,0.4,0.76,2.98,0.35,0.25,6.3,18.65,2.91,2.053,5.8,11.9,1.21,13.08129,9.796918
"2021-06-30 04:40:00",232,12.9,24.55,26.62646,22.9082,18.36694,14.28344,11.89187,9.84469,9.84878,9.852747,9.832453,9.809107,-0.089003,-0.786027,9.86735,-0.107646,-0.95022,9.84684,210630,53912,20.417,34.97,38.32,24.91,4.52,0.41,0.66,2.57,0.38,0.27,6.24,18.48,2.91,2.052,5.81,11.9,1.21,13.08062,9.794442
"2021-06-30 04:50:00",233,12.88,24.49,26.59551,23.02462,18.35827,14.37533,11.95907,9.846369,9.84585,9.850122,9.829798,9.805963,-0.08853,-0.781865,9.86814,-0.108395,-0.956811,9.84605,210630,54912,20.508,35.12,38.42,24.97,6.05,0.54,0.65,2.55,0.31,0.21,6.33,18.75,2.91,2.051,5.81,11.89,1.2,13.08108,9.791551
"2021-06-30 05:00:00",234,12.89,24.43,26.59271,23.0953,18.34118,14.40527,11.79837,9.879572,9.848383,9.852717,9.832026,9.809809,-0.08828,-0.779673,9.86891,-0.107447,-0.948483,9.84809,210630,55912,20.385,34.91,38.29,24.89,3.84,0.35,1.09,4.33,0.47,0.36,6.27,18.56,2.9,2.049,5.81,11.89,1.2,13.08041,9.794693
"2021-06-30 05:10:00",235,12.89,24.39,26.55038,23.06951,18.35641,14.49209,11.76831,9.864008,9.853326,9.850458,9.826197,9.802118,-0.088322,-0.780092,9.87126,-0.107764,-0.951236,9.84574,210630,60912,20.377,34.87,38.25,24.86,3.65,0.33,0.7,2.75,0.41,0.31,6.24,18.47,2.9,2.048,5.81,11.89,1.21,13.08056,9.788143
"2021-06-30 05:20:00",236,12.89,24.4,26.52102,23.13934,18.37011,14.57125,11.73767,9.863734,9.854517,9.847894,9.827021,9.80459,-0.088262,-0.779633,9.8755,-0.108337,-0.956299,9.84605,210630,61912,20.45,35.08,38.41,24.97,3.93,0.35,0.87,3.45,0.38,0.27,6.3,18.65,2.9,2.047,5.81,11.89,1.2,13.08152,9.7887
"2021-06-30 05:30:00",237,12.92,24.42,26.47845,23.11605,18.29943,14.64749,11.79614,9.991571,9.853906,9.849878,9.830408,9.80697,-0.088398,-0.781086,9.88882,-0.107492,-0.94885,9.84668,210630,62912,20.403,35.01,38.37,24.94,3.63,0.33,1.24,4.95,0.45,0.35,6.2,18.36,2.9,2.048,5.81,11.91,1.2,13.08222,9.790906
"2021-06-30 05:40:00",238,12.93,24.45,26.44509,23.07217,18.29788,14.77304,11.68441,9.923975,9.856867,9.852717,9.831842,9.811945,-0.08823,-0.780087,9.91525,-0.107989,-0.953257,9.847299,210630,63912,20.369,34.94,38.33,24.91,3.1,0.28,1.3,5.17,0.51,0.41,6.19,18.34,2.9,2.048,5.81,11.92,1.21,13.08188,9.794981
"2021-06-30 05:50:00",239,12.93,24.51,26.43072,23.07092,18.31829,14.7423,11.6705,9.923212,9.861048,9.853785,9.83172,9.811243,-0.088387,-0.781868,9.93687,-0.107814,-0.95173,9.84808,210630,64912,20.402,35.01,38.38,24.95,3.43,0.31,1.02,4.05,0.42,0.31,6.24,18.48,2.9,2.048,5.81,11.93,1.2,13.08168,9.795231
"2021-06-30 06:00:00",240,12.93,24.58,26.41308,23.16979,18.31622,14.74148,11.53652,9.89715,9.858546,9.852747,9.833002,9.814173,-0.088328,-0.780706,9.90195,-0.10843,-0.957159,9.84777,210630,65912,20.417,35.03,38.39,24.95,3.81,0.34,0.98,3.89,0.53,0.43,6.24,18.48,2.9,2.047,5.81,11.94,1.21,13.0813,9.795303
"2021-06-30 06:10:00",241,12.93,24.7,26.40197,23.01022,18.29357,14.75949,11.56545,9.89419,9.85409,9.853479,9.834284,9.812494,-0.088129,-0.778759,9.89178,-0.107558,-0.949431,9.84635,210630,70912,20.381,34.97,38.36,24.93,3.61,0.33,1.31,5.23,0.62,0.51,6.21,18.4,2.9,2.047,5.81,11.94,1.21,13.08152,9.795357
"2021-06-30 06:20:00",242,12.94,24.93,26.3786,23.10577,18.28231,14.77813,11.47949,9.885981,9.854609,9.856409,9.838373,9.815851,-0.088443,-0.781542,9.89194,-0.107324,-0.947404,9.84809,210630,71912,20.334,34.89,38.31,24.9,2.89,0.26,1.22,4.86,0.43,0.33,6.23,18.44,2.9,2.047,5.81,11.98,1.2,13.08247,9.799055
"2021-06-30 06:30:00",243,12.96,25.33,26.35806,23.14392,18.28008,14.69973,11.51028,9.869928,9.857599,9.857538,9.83761,9.812342,-0.088516,-0.781824,9.872521,-0.107606,-0.949894,9.84809,210630,72912,20.45,35.07,38.4,24.96,3.62,0.33,1.4,5.58,0.49,0.39,6.26,18.53,2.9,2.047,5.81,11.96,1.21,13.08135,9.797582
"2021-06-30 06:40:00",244,12.95,25.74,26.33554,23.16265,18.38958,14.69808,11.38818,9.866694,9.858362,9.862451,9.841761,9.817377,-0.088463,-0.781489,9.87972,-0.107528,-0.94928,9.85153,210630,73912,20.477,35.13,38.46,25,4.43,0.4,1.2,4.79,0.61,0.51,6.27,18.58,2.9,2.048,5.81,11.98,1.2,13.08273,9.800939
"2021-06-30 06:50:00",245,12.99,26.1,26.29775,23.21234,18.43249,14.66024,11.40554,9.862299,9.859827,9.863214,9.843165,9.822199,-0.088524,-0.782174,9.88771,-0.108199,-0.95525,9.853561,210630,74912,20.523,35.24,38.54,25.05,5.43,0.49,1.47,5.85,0.57,0.47,6.29,18.63,2.9,2.047,5.81,11.95,1.21,13.08209,9.804314
"2021-06-30 07:00:00",246,12.97,26.41,26.27239,23.29955,18.44607,14.65011,11.38265,9.860621,9.855494,9.860041,9.839716,9.822168,-0.089015,-0.786259,9.87409,-0.108277,-0.956087,9.8603,210630,75912,20.47,35.12,38.44,24.99,3.91,0.35,1.36,5.43,0.57,0.46,6.25,18.5,2.9,2.046,5.81,11.93,1.2,13.08283,9.805302
"2021-06-30 07:10:00",247,13.01,26.84,26.28835,23.44335,18.50967,14.71157,11.42022,9.853479,9.854914,9.85879,9.838587,9.819238,-0.088471,-0.781355,9.8686,-0.107705,-0.950883,9.853561,210630,80912,20.48,35.16,38.48,25.01,3.88,0.35,1.05,4.19,0.44,0.34,6.27,18.56,2.9,2.044,5.81,12.01,1.21,13.0823,9.803256
"2021-06-30 07:20:00",248,12.94,27.58,26.28878,23.78457,18.59185,14.73895,11.3601,9.85473,9.858149,9.861536,9.838007,9.819971,-0.088791,-0.784187,9.869059,-0.107864,-0.952316,9.85483,210630,81912,20.489,35.15,38.46,25,4.13,0.37,1.28,5.09,0.63,0.53,6.29,18.62,2.89,2.041,5.81,12.02,1.2,13.08239,9.803866
"2021-06-30 07:30:00",249,13.01,28.4,26.25863,23.88497,18.59643,14.74227,11.36563,9.850733,9.856592,9.856501,9.839319,9.820917,-0.088379,-0.780526,9.8675,-0.108198,-0.955219,9.85279,210630,82912,20.456,35.11,38.45,24.99,3.29,0.3,2.17,8.72,0.89,0.79,6.28,18.61,2.89,2.04,5.81,12.02,1.21,13.08168,9.802987
"2021-06-30 07:40:00",250,13.02,29.1,26.27606,23.82287,18.63848,14.74185,11.43041,9.848291,9.853266,9.857966,9.836786,9.815882,-0.088466,-0.7813,9.86797,-0.107022,-0.944758,9.84902,210630,83912,20.457,35.19,38.53,25.05,3.11,0.28,3.17,12.76,1.24,1.14,6.22,18.4,2.89,2.04,5.81,12.12,1.19,13.08355,9.801335
"2021-06-30 07:50:00",251,13.05,29.7,26.30172,23.97573,18.62661,14.74441,11.25027,9.845972,9.852655,9.856378,9.836176,9.815821,-0.088144,-0.778457,9.86797,-0.107748,-0.951141,9.847941,210630,84912,20.374,35.11,38.52,25.03,2.84,0.26,3.22,12.94,1.19,1.09,6.17,18.27,2.89,2.039,5.81,12.12,1.21,13.08232,9.800474
"2021-06-30 08:00:00",252,13.04,30.28,26.44567,23.71691,18.60409,14.73303,11.37857,9.83996,9.851252,9.856195,9.837091,9.816766,-0.088404,-0.780634,9.86156,-0.106944,-0.944057,9.84855,210630,85912,20.33,35.05,38.49,25.02,2.02,0.18,3.31,13.33,1.22,1.12,6.15,18.2,2.89,2.04,5.81,12.12,1.2,13.08328,9.799826
"2021-06-30 08:10:00",253,13.12,30.81,26.51962,24.21276,18.51052,14.72674,11.46649,9.843897,9.85055,9.854792,9.836512,9.81698,-0.088586,-0.782374,9.8686,-0.10699,-0.944421,9.84684,210630,90912,20.272,34.98,38.45,24.99,1.92,0.17,3.39,13.65,1.23,1.13,6.14,18.17,2.89,2.041,5.81,12.13,1.2,13.0832,9.800132
"2021-06-30 08:20:00",254,13.28,31.19,26.56582,24.14462,18.30496,14.64901,11.43188,9.848017,9.851984,9.855677,9.838618,9.816584,-0.08853,-0.781644,9.85607,-0.107651,-0.950301,9.848719,210630,91912,20.33,35.02,38.45,24.99,2.32,0.21,4.26,17.17,1.52,1.42,6.12,18.11,2.89,2.043,5.81,12.12,1.21,13.08187,9.800814
"2021-06-30 08:30:00",255,13.52,31.56,26.56729,23.16229,18.14004,14.62057,11.29522,9.837518,9.854426,9.859858,9.83523,9.816766,-0.088641,-0.782681,9.85889,-0.107591,-0.949807,9.85013,210630,92912,20.117,34.65,38.21,24.84,1.39,0.13,2.71,10.87,1.46,1.36,6.07,17.96,2.9,2.045,5.81,12.54,1.2,13.0834,9.801586
"2021-06-30 08:40:00",256,13.63,31.97,26.63299,23.31716,18.12728,14.71932,11.19799,9.843409,9.848047,9.853235,9.83581,9.814966,-0.088574,-0.782267,9.86845,-0.107131,-0.945712,9.84887,210630,93912,20.038,34.69,38.32,24.91,2.38,0.22,3.56,14.35,1.39,1.29,6.05,17.91,2.9,2.049,5.81,12.69,1.21,13.08193,9.798481
"2021-06-30 08:50:00",257,13.59,32.43,26.68063,23.03317,18.07656,14.74835,11.30856,9.849238,9.851252,9.853174,9.834681,9.810663,-0.088663,-0.782991,9.86515,-0.107375,-0.947841,9.84761,210630,94912,20.226,35.05,38.57,25.07,10.4,0.94,1.9,7.61,0.75,0.65,6.12,18.11,2.9,2.047,5.81,12.65,1.21,13.08326,9.795805
"2021-06-30 09:00:00",258,13.59,32.97,26.74813,22.89559,17.88424,14.60745,11.27899,9.848566,9.851557,9.853449,9.834558,9.813715,-0.088661,-0.783051,9.86939,-0.107558,-0.949508,9.84995,210630,95912,20.076,34.55,38.14,24.79,4.91,0.45,4.31,17.36,1.53,1.43,5.95,17.6,2.9,2.047,5.81,12.66,1.2,13.08412,9.797116
"2021-06-30 09:10:00",259,13.56,33.57,26.89843,22.92858,17.98773,14.6126,11.2918,9.840601,9.863062,9.864558,9.838739,9.823237,-0.088538,-0.781923,9.86719,-0.107262,-0.947354,9.87032,210630,100912,19.95,34.57,38.26,24.87,5.63,0.51,3.74,15.06,1.03,0.93,5.78,17.1,2.9,2.05,5.81,12.63,1.21,13.08484,9.810115
"2021-06-30 09:20:00",260,13.55,33.74,27.12499,22.98312,17.90029,14.60388,11.36526,9.843103,9.857142,9.85415,9.836237,9.813929,-0.089118,-0.786942,9.86171,-0.107713,-0.950829,9.84777,210630,101912,20.055,34.69,38.3,24.9,5.25,0.48,1.82,7.3,0.79,0.69,5.82,17.23,2.9,2.048,5.81,12.64,1.2,13.08411,9.801658
"2021-06-30 09:30:00",261,13.55,33.93,27.08398,22.69991,17.74087,14.42987,11.15063,9.8417,9.850397,9.855738,9.83703,9.816645,-0.088413,-0.780813,9.86704,-0.107796,-0.951588,9.84902,210630,102912,19.541,34.41,38.41,24.97,2.86,0.26,2.83,11.39,1.03,0.93,5.55,16.41,2.91,2.052,5.81,12.64,1.21,13.08307,9.801174
"2021-06-30 09:40:00",262,13.54,34.09,27.21026,22.68078,17.85061,14.52688,11.18249,9.853113,9.848962,9.854761,9.83642,9.815515,-0.088561,-0.78215,9.8686,-0.107437,-0.948383,9.84747,210630,103912,19.717,34.33,38.18,24.82,2.86,0.26,2.85,11.46,1.07,0.97,5.71,16.88,2.92,2.059,5.81,12.61,1.2,13.08196,9.798678
"2021-06-30 09:50:00",263,13.55,34.26,27.31014,22.73263,17.78021,14.76211,11.53402,9.877222,9.849054,9.855494,9.835443,9.816706,-0.088234,-0.779619,9.888019,-0.108065,-0.953969,9.84917,210630,104912,19.603,34.18,38.1,24.77,1.34,0.12,3.29,13.23,1.04,0.94,5.7,16.85,2.92,2.059,5.81,12.61,1.2,13.07981,9.800491
"2021-06-30 10:00:00",264,13.56,34.38,27.4685,22.77807,17.81286,14.83541,11.68264,9.865778,9.849146,9.853662,9.835779,9.813349,-0.088825,-0.784544,9.87189,-0.107676,-0.950485,9.84699,210630,105912,19.546,34.28,38.27,24.88,1.24,0.11,3.15,12.69,1.22,1.12,5.66,16.73,2.92,2.058,5.81,12.61,1.2,13.08237,9.795931
"2021-06-30 10:10:00",265,13.54,34.52,27.75945,22.89181,17.93179,14.90924,11.75286,9.8659,9.851221,9.851404,9.834101,9.816645,-0.089183,-0.788004,9.88818,-0.108126,-0.954535,9.85059,210630,110912,19.369,34.02,38.12,24.78,0.62,0.06,2.26,9.08,0.75,0.65,5.66,16.74,2.92,2.059,5.81,12.6,1.21,13.084,9.799162
"2021-06-30 10:20:00",266,13.54,34.76,28.15948,22.81152,18.1614,15.19326,11.99392,9.875055,9.851252,9.855707,9.837427,9.815333,-0.088407,-0.780868,9.872521,-0.108471,-0.957509,9.84747,210630,111912,19.527,34.11,38.1,24.76,1.17,0.11,2.71,10.9,0.93,0.83,5.75,17.01,2.92,2.064,5.81,12.61,1.21,13.0836,9.800545
"2021-06-30 10:30:00",267,13.54,35.01,28.40835,22.72024,18.25717,15.28619,12.12942,9.882959,9.852075,9.853693,9.833918,9.814386,-0.088855,-0.785162,9.89114,-0.107885,-0.952377,9.84933,210630,112912,19.743,34.42,38.26,24.87,2.88,0.26,3.28,13.19,1.42,1.33,5.87,17.36,2.93,2.067,5.81,12.61,1.21,13.08522,9.798516
"2021-06-30 10:40:00",268,13.58,35.3,28.13577,22.46792,18.47216,15.34924,11.77935,9.885004,9.848627,9.855006,9.836664,9.817011,-0.088367,-0.781128,9.90588,-0.108174,-0.954958,9.85028,210630,113912,19.852,34.3,38.04,24.73,5.22,0.48,5.91,23.84,2.34,2.24,5.88,17.4,2.93,2.066,5.81,12.64,1.2,13.08317,9.800095
"2021-06-30 10:50:00",269,13.54,35.46,28.26461,22.69607,18.85281,15.6379,12.00097,9.883295,9.849115,9.857446,9.83761,9.814509,-0.088561,-0.782574,9.89132,-0.10799,-0.953276,9.84809,210630,114912,20.194,34.54,38.03,24.72,7.52,0.68,3.15,12.66,1.69,1.6,6.13,18.16,2.92,2.064,5.81,12.61,1.21,13.08275,9.798534
"2021-06-30 11:00:00",270,13.56,35.64,28.45034,22.79244,18.97955,15.55514,11.79946,9.864374,9.849329,9.856012,9.836329,9.814691,-0.088726,-0.783937,9.8863,-0.107792,-0.951527,9.847941,210630,115912,20.41,35.03,38.39,24.96,7.61,0.69,3.57,14.36,1.43,1.33,6.21,18.38,2.91,2.056,5.81,12.61,1.2,13.08214,9.796703
"2021-06-30 11:10:00",271,13.54,35.85,28.6213,22.63241,19.25823,15.18847,11.35519,9.852381,9.847376,9.852045,9.836756,9.813654,-0.088797,-0.784265,9.87002,-0.107008,-0.94461,9.847941,210630,120912,20.487,35.14,38.46,25,8.520001,0.77,4.01,16.16,1.44,1.34,6.21,18.38,2.91,2.054,5.81,12.61,1.21,13.08223,9.797313
"2021-06-30 11:20:00",272,13.54,36.04,28.32784,22.61276,19.17849,14.65835,11.27346,9.856348,9.847315,9.853846,9.836726,9.815912,-0.088712,-0.783471,9.86814,-0.107655,-0.950341,9.848719,210630,121912,20.582,35.31,38.56,25.06,9.63,0.87,1.63,6.53,0.86,0.76,6.28,18.61,2.9,2.05,5.81,12.61,1.2,13.08397,9.799126
"2021-06-30 11:30:00",273,13.58,36.28,28.05087,22.83511,18.92297,14.63909,11.11321,9.852381,9.845758,9.852075,9.836726,9.815515,-0.088877,-0.78485,9.86359,-0.107383,-0.947906,9.84714,210630,122912,20.603,35.39,38.63,25.11,9,0.81,2.47,9.91,1.06,0.96,6.19,18.32,2.9,2.046,5.81,12.62,1.21,13.0863,9.797422
"2021-06-30 11:40:00",274,13.55,36.51,28.68713,22.68414,18.6683,14.35754,10.90383,9.841761,9.843622,9.852838,9.833826,9.816462,-0.088851,-0.784532,9.85889,-0.107626,-0.950149,9.85184,210630,123912,20.338,34.77,38.17,24.81,7.53,0.68,3.59,14.46,1.62,1.53,6.14,18.19,2.9,2.045,5.81,12.63,1.2,13.08558,9.801586
"2021-06-30 11:50:00",275,13.28,36.93,28.67349,22.73171,18.43365,14.0574,10.7976,9.831568,9.84646,9.850733,9.834833,9.814753,-0.08865,-0.782517,9.84605,-0.106649,-0.941492,9.85013,210630,124912,20.299,34.76,38.19,24.82,7.38,0.67,4.93,19.86,1.6,1.5,6.23,18.43,2.9,2.045,5.81,13.47,1.21,13.08441,9.799666
"2021-06-30 12:00:00",276,13.32,37.1,28.38998,22.72936,18.42986,13.87145,10.92172,9.83999,9.849024,9.851923,9.835688,9.816309,-0.088783,-0.783978,9.86141,-0.107362,-0.947794,9.85044,210630,125912,20.57,35.15,38.4,24.96,9.64,0.87,2.54,10.21,0.94,0.84,6.34,18.76,2.89,2.041,5.81,12.3,1.2,13.08531,9.801926
"2021-06-30 12:10:00",277,13.55,37.1,28.54305,22.95373,17.93008,13.79467,11.14096,9.836694,9.847894,9.853082,9.836634,9.813502,-0.087929,-0.776308,9.8542,-0.107172,-0.946063,9.8484,210630,130912,20.682,35.37,38.55,25.06,11.34,1.02,1.51,6.02,0.6,0.5,6.34,18.78,2.88,2.035,5.81,12.65,1.2,13.08441,9.798444
"2021-06-30 12:20:00",278,13.3,37.22,28.53655,23.03778,17.95263,13.80853,11.20477,9.839228,9.847803,9.85116,9.836176,9.814722,-0.088716,-0.783132,9.84761,-0.108002,-0.953429,9.85013,210630,131912,20.414,34.85,38.2,24.83,10.4,0.94,2.19,8.78,0.8,0.69,6.17,18.27,2.88,2.033,5.8,12.31,1.2,13.0844,9.800347
"2021-06-30 12:30:00",279,13.32,37.25,28.75247,22.83856,17.80731,13.87066,11.35613,9.836084,9.851038,9.853082,9.83642,9.816614,-0.088838,-0.784238,9.84902,-0.107792,-0.951928,9.86563,210630,132912,20.352,34.74,38.12,24.78,9.9,0.89,2.83,11.38,1.21,1.11,6.12,18.12,2.88,2.03,5.81,12.3,1.2,13.08536,9.806974
"2021-06-30 12:40:00",280,15.47,37.3,28.8739,22.77899,17.97231,14.06857,11.6116,9.846125,9.847102,9.85586,9.836939,9.817866,-0.0893,-0.788314,9.84902,-0.107808,-0.951765,9.852,210630,133912,20.269,34.64,38.08,24.75,9.42,0.85,3.28,13.18,1.22,1.12,6.12,18.13,2.88,2.033,5.81,12.32,1.2,13.084,9.804406
"2021-06-30 12:50:00",281,15.25,37.35,28.0798,22.91583,18.13888,14.25747,11.67401,9.934503,9.850031,9.857142,9.837427,9.827509,-0.088459,-0.782105,9.914641,-0.10767,-0.950727,9.86,210630,134912,20.323,34.81,38.22,24.85,10.55,0.95,2.62,10.53,1.06,0.96,6.12,18.12,2.88,2.03,5.81,12.32,1.2,13.08492,9.824399
"2021-06-30 13:00:00",282,13.32,37.61,28.08611,22.80371,18.28875,14.66113,11.72113,9.922694,9.84878,9.851466,9.838129,9.81753,-0.088641,-0.783926,9.92622,-0.107236,-0.946847,9.857799,210630,135912,20.334,34.71,38.11,24.77,13.75,1.24,2.13,8.560001,0.76,0.66,6.15,18.22,2.87,2.028,5.81,12.27,1.21,13.08554,9.810709
"2021-06-30 13:10:00",283,13.32,37.9,28.25137,23.01898,18.26095,14.83352,11.77023,9.951929,9.849482,9.85235,9.83819,9.823572,-0.088487,-0.782586,9.92747,-0.108009,-0.953941,9.86986,210630,140912,20.498,34.96,38.25,24.87,12.63,1.14,1.68,6.73,0.66,0.56,6.24,18.47,2.87,2.024,5.81,12.26,1.2,13.08484,9.806524
"2021-06-30 13:20:00",284,13.28,37.89,28.07372,23.06936,18.50833,14.65133,12.01562,10.08099,9.851831,9.858362,9.83938,9.840174,-0.0881,-0.780217,9.98474,-0.108023,-0.954218,9.87658,210630,141912,20.422,34.87,38.21,24.83,13.91,1.25,1.7,6.82,0.79,0.69,6.21,18.39,2.86,2.018,5.81,12.27,1.21,13.08516,9.830278
"2021-06-30 13:30:00",285,13.24,37.97,28.12124,23.37084,18.88021,14.61193,11.99691,10.0643,9.853723,9.860102,9.839625,9.824335,-0.087964,-0.779389,10.00523,-0.107364,-0.948221,9.86875,210630,142912,20.759,35.43,38.56,25.06,16.48,1.48,1.41,5.63,0.64,0.54,6.42,19.02,2.85,2.011,5.8,12.26,1.2,13.0857,9.804314
"2021-06-30 13:40:00",286,13.93,38.14,28.21893,23.45819,18.53903,14.60671,11.98828,10.11932,9.854364,9.856501,9.839655,9.823847,-0.087828,-0.778163,10.00397,-0.107358,-0.947982,9.86077,210630,143912,20.725,35.37,38.51,25.03,18.32,1.64,1.18,4.7,0.57,0.47,6.41,18.98,2.83,2,5.81,12.29,1.2,13.08424,9.804333
"2021-06-30 13:50:00",287,13.28,38.22,28.44155,23.59936,18.63922,14.9204,11.90936,10.10238,9.854761,9.857813,9.838739,9.819666,-0.087847,-0.778854,10.03259,-0.107104,-0.945663,9.85701,210630,144912,20.782,35.47,38.58,25.08,18.2,1.63,1.1,4.39,0.58,0.48,6.37,18.88,2.82,1.992,5.81,12.27,1.2,13.08417,9.80277
"2021-06-30 14:00:00",288,13.24,37.92,28.52273,23.62826,18.65292,15.05075,11.68481,10.02566,9.852991,9.855738,9.838465,9.817316,-0.087962,-0.779292,10.00117,-0.107994,-0.953347,9.84949,210630,145912,20.72,35.37,38.52,25.04,15.69,1.41,1.54,6.16,0.55,0.45,6.4,18.97,2.82,1.99,5.81,13.02,1.2,13.0857,9.799935
