DOY, IR_down_average, IR_down_sd
1,361.761,21.35
2,359.772,16.015
3,359.853,17.143
4,354.142,13.815
5,341.093,14.589
6,338.624,15.037
7,335.789,22.389
8,330.507,33.084
9,333.57,37.406
10,339.628,32.507
11,337.384,16.828
12,342.97,14.204
13,345.694,6.884
14,350.363,17.087
15,352.791,11.179
16,352.289,16.475
17,350.956,8.934
18,345.131,7.164
19,335.25,10.614
20,341.102,8.689
21,341.997,9.752
22,338.184,20.049
23,337.928,14.165
24,338.106,9.738
25,345.57,9.792
26,350.66,7.681
27,342.358,6.635
28,336.755,7.67
29,340.142,6.109
30,334.627,11.287
31,342.976,15.63
32,352.181,11.514
33,350.685,12.393
34,351.329,23.332
35,341.098,20.512
36,343.015,11.918
37,346.821,8.769
38,356.308,4.915
39,357.685,4.186
40,352.867,2.524
41,346.784,1.798
42,341.941,2.483
43,345.396,4.726
44,339.518,4.666
45,327.442,6.361
46,324.601,13.152
47,349.431,3.381
48,348.295,2.289
49,344.036,2.604
50,346.971,7.235
51,361.339,9.254
52,376.465,9.293
53,371.744,2.943
54,368.658,1.899
55,376.928,9.12
56,365.919,1.156
57,359.159,2.557
58,362.431,5.307
59,381.281,12.162
60,386.467,9.578
61,388.626,14.131
62,369.37,7.501
63,363.756,2.913
64,370.493,6.63
65,372.742,7.625
66,377.936,5.028
67,385.964,14.517
68,403.335,8.01
69,405.716,11.781
70,414.296,10.792
71,425.589,4.608
72,421.364,6.23
73,423.333,6.994
74,413.632,2.1
75,421.879,14.944
76,426.152,14.737
77,419.074,10.658
78,413.924,12.907
79,397.992,6.395
80,388.992,3.458
81,388.548,6.299
82,396.137,10.585
83,404.382,12.773
84,411.292,11.575
85,417.201,5.939
86,403.123,4.399
87,407.823,3.104
88,411.719,7.915
89,405.395,7.276
90,407.599,9.769
91,418.761,6.624
92,427.438,8.012
93,414.203,7.428
94,402.884,15.38
95,414.686,11.894
96,395.468,5.081
97,397.399,8.898
98,404.257,5.98
99,394.109,4.936
100,383.697,3.229
101,387.218,12.142
102,410.692,12.903
103,414.589,4.474
104,403.468,8.678
105,408.483,11.028
106,409.323,10.308
107,409.516,10.187
108,420.183,14.351
109,432.641,14.081
110,440.013,12.804
111,429.094,5.413
112,431.763,8.889
113,430.078,2.078
114,416.136,19.273
115,407.11,20.492
116,421.24,23.858
117,426.884,24.216
118,431.884,21.155
119,437.58,12.826
120,437.605,12.328
121,426.779,8.019
122,424.238,17.225
123,428.261,22.434
124,425.856,27.455
125,420.098,15.663
126,406.026,18.001
127,403.422,20.468
128,411.604,27.063
129,410.712,28.574
130,421.34,19.378
131,425.815,15.702
132,416.21,26.188
133,420.922,27.762
134,426.172,24.737
135,426.751,14.56
136,418.539,12.253
137,425.503,14.253
138,429.404,12.242
139,429.372,13.158
140,431.062,13.48
141,421.01,7.093
142,427.331,11.157
143,421.333,12.558
144,417.563,14.834
145,424.795,22.215
146,433.836,26.913
147,445.079,24.335
148,447.354,22.562
149,452.45,25.723
150,442.949,22.107
151,444.536,26.904
152,449.499,25.903
153,451.811,29.134
154,452.865,28.332
155,450.736,23.691
156,450.927,27.404
157,451.273,26.45
158,444.896,29.52
159,444.262,33.056
160,440.596,24.566
161,449.063,29.175
162,456.374,22.27
163,466.535,21.273
164,465.427,20.6
165,459.613,20.136
166,460.021,20.527
167,458.557,18.934
168,463.706,22.39
169,459.667,15.74
170,456.986,18.983
171,453.604,18.236
172,461.224,21.365
173,464.257,17.295
174,460.425,13.466
175,457.727,13.291
176,454.935,17.923
177,452.43,21.338
178,452.107,22.656
179,452.479,26.748
180,456.262,21.831
181,459.906,22.412
182,461.664,13.992
183,466.33,16.475
184,468.304,21.19
185,463.051,14.768
186,457.162,14.47
187,463.193,17.762
188,467.273,15.676
189,465.359,14.627
190,468.914,22.225
191,470.293,19.884
192,469.257,18.511
193,472.623,16.136
194,476.663,16.144
195,474.924,11.447
196,474.761,12.894
197,470.978,15.728
198,471.9,17.67
199,476.19,20.977
200,480.303,19.708
201,482.464,16.683
202,483.147,16.775
203,481.559,17.473
204,480.702,14.987
205,481.101,17.739
206,479.695,17.633
207,471.876,17.99
208,467.982,17.169
209,463.289,17.791
210,462.123,20.049
211,460.309,24.129
212,462.796,20.859
213,464.76,18.65
214,460.699,17.407
215,462.13,16.855
216,460.274,19.203
217,455.393,20.932
218,452.942,19.462
219,456.344,14.839
220,453.44,14.791
221,451.266,18.395
222,450.018,18.248
223,455.971,17.597
224,458.083,14.766
225,458.864,13.021
226,458.034,14.326
227,462.699,15.721
228,462.48,16.165
229,464.331,15.301
230,464.818,13.714
231,461.806,14.195
232,461.677,15.229
233,461.032,12.997
234,458.961,11.667
235,455.61,14.156
236,453.265,18.716
237,451.401,16.55
238,453.03,15.634
239,453.445,16.479
240,453.115,18.237
241,449.171,20.421
242,451.173,20.017
243,453.044,19.071
244,449.904,25.176
245,444.569,27.649
246,445.271,25.201
247,444.591,23.583
248,446.956,21.65
249,440.409,24.667
250,441.127,28.25
251,444.661,28.9
252,446.814,28.489
253,444.634,30.225
254,442.694,29.084
255,438.314,23.519
256,434.492,15.35
257,434.973,15.058
258,439.78,18.734
259,440.051,15.017
260,437.799,12.904
261,439.16,14.171
262,440.404,16.007
263,444.719,15.165
264,439.584,10.468
265,438.424,10.218
266,437.419,11.64
267,438.704,14.042
268,439.766,12.718
269,436.512,9.679
270,434.742,10.67
271,438.589,11.147
272,434.964,16.348
273,431.381,17.769
274,421.013,16.808
275,416.296,13.999
276,415.681,12.472
277,416.976,12.399
278,419.197,11.668
279,418.853,12.356
280,420.54,15.692
281,425.391,11.352
282,428.955,13.718
283,421.403,16.476
284,419.308,21.435
285,413.088,19.272
286,412.305,20.444
287,413.918,16.464
288,412.055,15.908
289,416.779,12.225
290,401.72,12.513
291,396.996,10.666
292,398.234,11.64
293,407.332,10.884
294,409.519,12.188
295,411.956,13.511
296,415.195,14.526
297,408.839,12.993
298,405.671,19.581
299,396.112,16.662
300,395.478,15.348
301,405.985,19.985
302,400.535,20.449
303,388.037,17.175
304,387.694,15.933
305,396.595,22.532
306,402.235,18.031
307,407.41,15.99
308,404.525,21.519
309,404.036,25.513
310,411.502,25.33
311,403.539,26.077
312,385.88,19.004
313,384.276,15.758
314,387.517,24.82
315,378.523,31.202
316,384.02,31.274
317,383.543,22.47
318,377.199,20.516
319,376.261,22.431
320,380.287,20.667
321,378.718,27.623
322,383.799,23.866
323,388.437,31.319
324,371.35,25.424
325,368.937,20.226
326,369.875,15.695
327,359.457,17.82
328,362.748,18.628
329,366.47,16.535
330,369.74,19.599
331,371.804,22.397
332,377.094,29.748
333,382.109,28.057
334,371.298,17.837
335,369.104,17.513
336,373.542,26.876
337,365.437,16.462
338,361.985,16.387
339,366.124,12.574
340,362.061,15.066
341,364.969,22.356
342,360.779,22.348
343,358.27,23.859
344,361.133,29.544
345,367.331,31.927
346,372.175,37.015
347,367.887,43.617
348,374.642,41.162
349,365.452,38.86
350,360.951,31.227
351,365.393,31.08
352,361.992,20.995
353,359.719,15.101
354,352.913,20.721
355,341.943,29.921
356,354.351,36.48
357,365.058,35.247
358,360.746,39.044
359,363.14,40.949
360,360.729,38.436
361,359.69,41.596
362,354.774,38.407
363,346.156,37.857
364,350.87,35.747
365,346.319,36.681
366,325.403,9.327
